[
  {
    "date": "2016-04-08",
    "campaign_id": "6038591740429",
    "impressions": "1792260",
    "clicks": null,
    "channel": "Facebook\r",
    "audience_segment": null,
    "city": null,
    "os": null,
    "device_type": null,
    "conversions": null,
    "cpm": 5.579547610279759,
    "cpc": 0.0,
    "cpconversion": 0.0,
    "cost": "10000"
  },
  {
    "date": "2016-04-09",
    "campaign_id": "6038591740429",
    "impressions": "1692711",
    "clicks": null,
    "channel": "Facebook\r",
    "audience_segment": null,
    "city": null,
    "os": null,
    "device_type": null,
    "conversions": null,
    "cpm": 5.907683000819396,
    "cpc": 0.0,
    "cpconversion": 0.0,
    "cost": "10000"
  },
  {
    "date": "2016-04-10",
    "campaign_id": "6038591740429",
    "impressions": "1613067",
    "clicks": null,
    "channel": "Facebook\r",
    "audience_segment": null,
    "city": null,
    "os": null,
    "device_type": null,
    "conversions": null,
    "cpm": 6.199370515917813,
    "cpc": 0.0,
    "cpconversion": 0.0,
    "cost": "10000"
  },
  {
    "date": "2016-04-11",
    "campaign_id": "6034988464029",
    "impressions": "872301",
    "clicks": null,
    "channel": "Facebook\r",
    "audience_segment": null,
    "city": null,
    "os": null,
    "device_type": null,
    "conversions": null,
    "cpm": 11.463932747984927,
    "cpc": 0.0,
    "cpconversion": 0.0,
    "cost": "10000"
  },
  {
    "date": "2016-04-11",
    "campaign_id": "6037350171629",
    "impressions": "293241",
    "clicks": null,
    "channel": "Facebook\r",
    "audience_segment": null,
    "city": null,
    "os": null,
    "device_type": null,
    "conversions": null,
    "cpm": 34.101643358193435,
    "cpc": 0.0,
    "cpconversion": 0.0,
    "cost": "10000"
  },
  {
    "date": "2016-04-11",
    "campaign_id": "6037957381229",
    "impressions": "709233",
    "clicks": null,
    "channel": "Facebook\r",
    "audience_segment": null,
    "city": null,
    "os": null,
    "device_type": null,
    "conversions": null,
    "cpm": 14.099738731841299,
    "cpc": 0.0,
    "cpconversion": 0.0,
    "cost": "10000"
  },
  {
    "date": "2016-04-11",
    "campaign_id": "6038591740429",
    "impressions": "5776076",
    "clicks": null,
    "channel": "Facebook\r",
    "audience_segment": null,
    "city": null,
    "os": null,
    "device_type": null,
    "conversions": null,
    "cpm": 1.7312791590692367,
    "cpc": 0.0,
    "cpconversion": 0.0,
    "cost": "10000"
  },
  {
    "date": "2016-04-12",
    "campaign_id": "6034988464029",
    "impressions": "1895383",
    "clicks": null,
    "channel": "Facebook\r",
    "audience_segment": null,
    "city": null,
    "os": null,
    "device_type": null,
    "conversions": null,
    "cpm": 10.551957045093262,
    "cpc": 0.0,
    "cpconversion": 0.0,
    "cost": "20000"
  },
  {
    "date": "2016-04-12",
    "campaign_id": "6035541283229",
    "impressions": "157781",
    "clicks": null,
    "channel": "Facebook\r",
    "audience_segment": null,
    "city": null,
    "os": null,
    "device_type": null,
    "conversions": null,
    "cpm": 63.378987330540426,
    "cpc": 0.0,
    "cpconversion": 0.0,
    "cost": "10000"
  },
  {
    "date": "2016-04-12",
    "campaign_id": "6038591740429",
    "impressions": "2977",
    "clicks": null,
    "channel": "Facebook\r",
    "audience_segment": null,
    "city": null,
    "os": null,
    "device_type": null,
    "conversions": null,
    "cpm": 3359.086328518643,
    "cpc": 0.0,
    "cpconversion": 0.0,
    "cost": "10000"
  },
  {
    "date": "2016-04-13",
    "campaign_id": "6038591740429",
    "impressions": "366306",
    "clicks": null,
    "channel": "Adwords\r",
    "audience_segment": null,
    "city": null,
    "os": null,
    "device_type": null,
    "conversions": null,
    "cpm": 2952260.432534548,
    "cpc": 0.0,
    "cpconversion": 0.0,
    "cost": "1081430710"
  },
  {
    "date": "2016-04-14",
    "campaign_id": "390878914",
    "impressions": "341086",
    "clicks": null,
    "channel": "Adwords\r",
    "audience_segment": null,
    "city": null,
    "os": null,
    "device_type": null,
    "conversions": null,
    "cpm": 1467681.7576798813,
    "cpc": 0.0,
    "cpconversion": 0.0,
    "cost": "500605700"
  },
  {
    "date": "2016-04-14",
    "campaign_id": "6034988464029",
    "impressions": "872946",
    "clicks": null,
    "channel": "Facebook\r",
    "audience_segment": null,
    "city": null,
    "os": null,
    "device_type": null,
    "conversions": null,
    "cpm": 11.455462308092367,
    "cpc": 0.0,
    "cpconversion": 0.0,
    "cost": "10000"
  },
  {
    "date": "2016-04-14",
    "campaign_id": "6038591740429",
    "impressions": "293940",
    "clicks": null,
    "channel": "Adwords\r",
    "audience_segment": null,
    "city": null,
    "os": null,
    "device_type": null,
    "conversions": null,
    "cpm": 2690.1408450704225,
    "cpc": 0.0,
    "cpconversion": 0.0,
    "cost": "790740"
  },
  {
    "date": "2016-04-15",
    "campaign_id": "390878914",
    "impressions": "347553",
    "clicks": null,
    "channel": "Adwords\r",
    "audience_segment": null,
    "city": null,
    "os": null,
    "device_type": null,
    "conversions": null,
    "cpm": 1457777.4612792868,
    "cpc": 0.0,
    "cpconversion": 0.0,
    "cost": "506654930"
  },
  {
    "date": "2016-04-16",
    "campaign_id": "390878914",
    "impressions": "1231115",
    "clicks": null,
    "channel": "Adwords\r",
    "audience_segment": null,
    "city": null,
    "os": null,
    "device_type": null,
    "conversions": null,
    "cpm": 1628614.4917412263,
    "cpc": 0.0,
    "cpconversion": 0.0,
    "cost": "2005011730"
  },
  {
    "date": "2016-04-16",
    "campaign_id": "395092114",
    "impressions": "161607",
    "clicks": null,
    "channel": "Adwords\r",
    "audience_segment": null,
    "city": null,
    "os": null,
    "device_type": null,
    "conversions": null,
    "cpm": 3.583524847314782E8,
    "cpc": 0.0,
    "cpconversion": 0.0,
    "cost": "57912270000"
  },
  {
    "date": "2016-04-17",
    "campaign_id": "390878914",
    "impressions": "1057383",
    "clicks": null,
    "channel": "Adwords\r",
    "audience_segment": null,
    "city": null,
    "os": null,
    "device_type": null,
    "conversions": null,
    "cpm": 1421463.6796695238,
    "cpc": 0.0,
    "cpconversion": 0.0,
    "cost": "1503031530"
  },
  {
    "date": "2016-04-17",
    "campaign_id": "395092114",
    "impressions": "175548",
    "clicks": null,
    "channel": "Adwords\r",
    "audience_segment": null,
    "city": null,
    "os": null,
    "device_type": null,
    "conversions": null,
    "cpm": 3.3015995625128174E8,
    "cpc": 0.0,
    "cpconversion": 0.0,
    "cost": "57958920000"
  },
  {
    "date": "2016-04-18",
    "campaign_id": "390878914",
    "impressions": "966477",
    "clicks": null,
    "channel": "Adwords\r",
    "audience_segment": null,
    "city": null,
    "os": null,
    "device_type": null,
    "conversions": null,
    "cpm": 1634037.261103989,
    "cpc": 0.0,
    "cpconversion": 0.0,
    "cost": "1579259430"
  },
  {
    "date": "2016-04-18",
    "campaign_id": "395092114",
    "impressions": "132525",
    "clicks": null,
    "channel": "Adwords\r",
    "audience_segment": null,
    "city": null,
    "os": null,
    "device_type": null,
    "conversions": null,
    "cpm": 3.5508296547821164E8,
    "cpc": 0.0,
    "cpconversion": 0.0,
    "cost": "47057370000"
  },
  {
    "date": "2016-04-19",
    "campaign_id": "390878914",
    "impressions": "5343",
    "clicks": null,
    "channel": "Adwords\r",
    "audience_segment": null,
    "city": null,
    "os": null,
    "device_type": null,
    "conversions": null,
    "cpm": 1554076.36159461,
    "cpc": 0.0,
    "cpconversion": 0.0,
    "cost": "8303430"
  },
  {
    "date": "2016-05-01",
    "campaign_id": "1028336",
    "impressions": "1",
    "clicks": null,
    "channel": "DBM\r",
    "audience_segment": null,
    "city": null,
    "os": null,
    "device_type": null,
    "conversions": null,
    "cpm": 0.0,
    "cpc": 0.0,
    "cpconversion": 0.0,
    "cost": "0"
  },
  {
    "date": "2016-05-01",
    "campaign_id": "1066969",
    "impressions": "2123147",
    "clicks": null,
    "channel": "DBM\r",
    "audience_segment": null,
    "city": null,
    "os": null,
    "device_type": null,
    "conversions": null,
    "cpm": 0.03815091465640391,
    "cpc": 0.0,
    "cpconversion": 0.0,
    "cost": "81"
  },
  {
    "date": "2016-05-01",
    "campaign_id": "932635",
    "impressions": "5",
    "clicks": null,
    "channel": "DBM\r",
    "audience_segment": null,
    "city": null,
    "os": null,
    "device_type": null,
    "conversions": null,
    "cpm": 0.0,
    "cpc": 0.0,
    "cpconversion": 0.0,
    "cost": "0"
  },
  {
    "date": "2016-05-01",
    "campaign_id": "950337",
    "impressions": "0",
    "clicks": null,
    "channel": "DBM\r",
    "audience_segment": null,
    "city": null,
    "os": null,
    "device_type": null,
    "conversions": null,
    "cpm": 0.0,
    "cpc": 0.0,
    "cpconversion": 0.0,
    "cost": "0"
  },
  {
    "date": "2016-04-08",
    "campaign_id": "6034988464029",
    "impressions": "0",
    "clicks": null,
    "channel": "Facebook\r",
    "audience_segment": null,
    "city": null,
    "os": null,
    "device_type": null,
    "conversions": null,
    "cpm": 0.0,
    "cpc": 0.0,
    "cpconversion": 0.0,
    "cost": null
  },
  {
    "date": "2016-04-08",
    "campaign_id": "6037350171629",
    "impressions": "0",
    "clicks": null,
    "channel": "Facebook\r",
    "audience_segment": null,
    "city": null,
    "os": null,
    "device_type": null,
    "conversions": null,
    "cpm": 0.0,
    "cpc": 0.0,
    "cpconversion": 0.0,
    "cost": null
  },
  {
    "date": "2016-04-08",
    "campaign_id": "6037957381229",
    "impressions": "0",
    "clicks": null,
    "channel": "Facebook\r",
    "audience_segment": null,
    "city": null,
    "os": null,
    "device_type": null,
    "conversions": null,
    "cpm": 0.0,
    "cpc": 0.0,
    "cpconversion": 0.0,
    "cost": null
  },
  {
    "date": "2016-04-08",
    "campaign_id": "6035541283229",
    "impressions": "0",
    "clicks": null,
    "channel": "Facebook\r",
    "audience_segment": null,
    "city": null,
    "os": null,
    "device_type": null,
    "conversions": null,
    "cpm": 0.0,
    "cpc": 0.0,
    "cpconversion": 0.0,
    "cost": null
  },
  {
    "date": "2016-04-08",
    "campaign_id": "390878914",
    "impressions": "0",
    "clicks": null,
    "channel": "Adwords\r",
    "audience_segment": null,
    "city": null,
    "os": null,
    "device_type": null,
    "conversions": null,
    "cpm": 0.0,
    "cpc": 0.0,
    "cpconversion": 0.0,
    "cost": null
  },
  {
    "date": "2016-04-08",
    "campaign_id": "395092114",
    "impressions": "0",
    "clicks": null,
    "channel": "Adwords\r",
    "audience_segment": null,
    "city": null,
    "os": null,
    "device_type": null,
    "conversions": null,
    "cpm": 0.0,
    "cpc": 0.0,
    "cpconversion": 0.0,
    "cost": null
  },
  {
    "date": "2016-04-08",
    "campaign_id": "1028336",
    "impressions": "0",
    "clicks": null,
    "channel": "DBM\r",
    "audience_segment": null,
    "city": null,
    "os": null,
    "device_type": null,
    "conversions": null,
    "cpm": 0.0,
    "cpc": 0.0,
    "cpconversion": 0.0,
    "cost": null
  },
  {
    "date": "2016-04-08",
    "campaign_id": "1066969",
    "impressions": "0",
    "clicks": null,
    "channel": "DBM\r",
    "audience_segment": null,
    "city": null,
    "os": null,
    "device_type": null,
    "conversions": null,
    "cpm": 0.0,
    "cpc": 0.0,
    "cpconversion": 0.0,
    "cost": null
  },
  {
    "date": "2016-04-08",
    "campaign_id": "932635",
    "impressions": "0",
    "clicks": null,
    "channel": "DBM\r",
    "audience_segment": null,
    "city": null,
    "os": null,
    "device_type": null,
    "conversions": null,
    "cpm": 0.0,
    "cpc": 0.0,
    "cpconversion": 0.0,
    "cost": null
  },
  {
    "date": "2016-04-08",
    "campaign_id": "950337",
    "impressions": "0",
    "clicks": null,
    "channel": "DBM\r",
    "audience_segment": null,
    "city": null,
    "os": null,
    "device_type": null,
    "conversions": null,
    "cpm": 0.0,
    "cpc": 0.0,
    "cpconversion": 0.0,
    "cost": null
  },
  {
    "date": "2016-04-09",
    "campaign_id": "6034988464029",
    "impressions": "0",
    "clicks": null,
    "channel": "Facebook\r",
    "audience_segment": null,
    "city": null,
    "os": null,
    "device_type": null,
    "conversions": null,
    "cpm": 0.0,
    "cpc": 0.0,
    "cpconversion": 0.0,
    "cost": null
  },
  {
    "date": "2016-04-09",
    "campaign_id": "6037350171629",
    "impressions": "0",
    "clicks": null,
    "channel": "Facebook\r",
    "audience_segment": null,
    "city": null,
    "os": null,
    "device_type": null,
    "conversions": null,
    "cpm": 0.0,
    "cpc": 0.0,
    "cpconversion": 0.0,
    "cost": null
  },
  {
    "date": "2016-04-09",
    "campaign_id": "6037957381229",
    "impressions": "0",
    "clicks": null,
    "channel": "Facebook\r",
    "audience_segment": null,
    "city": null,
    "os": null,
    "device_type": null,
    "conversions": null,
    "cpm": 0.0,
    "cpc": 0.0,
    "cpconversion": 0.0,
    "cost": null
  },
  {
    "date": "2016-04-09",
    "campaign_id": "6035541283229",
    "impressions": "0",
    "clicks": null,
    "channel": "Facebook\r",
    "audience_segment": null,
    "city": null,
    "os": null,
    "device_type": null,
    "conversions": null,
    "cpm": 0.0,
    "cpc": 0.0,
    "cpconversion": 0.0,
    "cost": null
  },
  {
    "date": "2016-04-09",
    "campaign_id": "390878914",
    "impressions": "0",
    "clicks": null,
    "channel": "Adwords\r",
    "audience_segment": null,
    "city": null,
    "os": null,
    "device_type": null,
    "conversions": null,
    "cpm": 0.0,
    "cpc": 0.0,
    "cpconversion": 0.0,
    "cost": null
  },
  {
    "date": "2016-04-09",
    "campaign_id": "395092114",
    "impressions": "0",
    "clicks": null,
    "channel": "Adwords\r",
    "audience_segment": null,
    "city": null,
    "os": null,
    "device_type": null,
    "conversions": null,
    "cpm": 0.0,
    "cpc": 0.0,
    "cpconversion": 0.0,
    "cost": null
  },
  {
    "date": "2016-04-09",
    "campaign_id": "1028336",
    "impressions": "0",
    "clicks": null,
    "channel": "DBM\r",
    "audience_segment": null,
    "city": null,
    "os": null,
    "device_type": null,
    "conversions": null,
    "cpm": 0.0,
    "cpc": 0.0,
    "cpconversion": 0.0,
    "cost": null
  },
  {
    "date": "2016-04-09",
    "campaign_id": "1066969",
    "impressions": "0",
    "clicks": null,
    "channel": "DBM\r",
    "audience_segment": null,
    "city": null,
    "os": null,
    "device_type": null,
    "conversions": null,
    "cpm": 0.0,
    "cpc": 0.0,
    "cpconversion": 0.0,
    "cost": null
  },
  {
    "date": "2016-04-09",
    "campaign_id": "932635",
    "impressions": "0",
    "clicks": null,
    "channel": "DBM\r",
    "audience_segment": null,
    "city": null,
    "os": null,
    "device_type": null,
    "conversions": null,
    "cpm": 0.0,
    "cpc": 0.0,
    "cpconversion": 0.0,
    "cost": null
  },
  {
    "date": "2016-04-09",
    "campaign_id": "950337",
    "impressions": "0",
    "clicks": null,
    "channel": "DBM\r",
    "audience_segment": null,
    "city": null,
    "os": null,
    "device_type": null,
    "conversions": null,
    "cpm": 0.0,
    "cpc": 0.0,
    "cpconversion": 0.0,
    "cost": null
  },
  {
    "date": "2016-04-10",
    "campaign_id": "6034988464029",
    "impressions": "0",
    "clicks": null,
    "channel": "Facebook\r",
    "audience_segment": null,
    "city": null,
    "os": null,
    "device_type": null,
    "conversions": null,
    "cpm": 0.0,
    "cpc": 0.0,
    "cpconversion": 0.0,
    "cost": null
  },
  {
    "date": "2016-04-10",
    "campaign_id": "6037350171629",
    "impressions": "0",
    "clicks": null,
    "channel": "Facebook\r",
    "audience_segment": null,
    "city": null,
    "os": null,
    "device_type": null,
    "conversions": null,
    "cpm": 0.0,
    "cpc": 0.0,
    "cpconversion": 0.0,
    "cost": null
  },
  {
    "date": "2016-04-10",
    "campaign_id": "6037957381229",
    "impressions": "0",
    "clicks": null,
    "channel": "Facebook\r",
    "audience_segment": null,
    "city": null,
    "os": null,
    "device_type": null,
    "conversions": null,
    "cpm": 0.0,
    "cpc": 0.0,
    "cpconversion": 0.0,
    "cost": null
  },
  {
    "date": "2016-04-10",
    "campaign_id": "6035541283229",
    "impressions": "0",
    "clicks": null,
    "channel": "Facebook\r",
    "audience_segment": null,
    "city": null,
    "os": null,
    "device_type": null,
    "conversions": null,
    "cpm": 0.0,
    "cpc": 0.0,
    "cpconversion": 0.0,
    "cost": null
  },
  {
    "date": "2016-04-10",
    "campaign_id": "390878914",
    "impressions": "0",
    "clicks": null,
    "channel": "Adwords\r",
    "audience_segment": null,
    "city": null,
    "os": null,
    "device_type": null,
    "conversions": null,
    "cpm": 0.0,
    "cpc": 0.0,
    "cpconversion": 0.0,
    "cost": null
  },
  {
    "date": "2016-04-10",
    "campaign_id": "395092114",
    "impressions": "0",
    "clicks": null,
    "channel": "Adwords\r",
    "audience_segment": null,
    "city": null,
    "os": null,
    "device_type": null,
    "conversions": null,
    "cpm": 0.0,
    "cpc": 0.0,
    "cpconversion": 0.0,
    "cost": null
  },
  {
    "date": "2016-04-10",
    "campaign_id": "1028336",
    "impressions": "0",
    "clicks": null,
    "channel": "DBM\r",
    "audience_segment": null,
    "city": null,
    "os": null,
    "device_type": null,
    "conversions": null,
    "cpm": 0.0,
    "cpc": 0.0,
    "cpconversion": 0.0,
    "cost": null
  },
  {
    "date": "2016-04-10",
    "campaign_id": "1066969",
    "impressions": "0",
    "clicks": null,
    "channel": "DBM\r",
    "audience_segment": null,
    "city": null,
    "os": null,
    "device_type": null,
    "conversions": null,
    "cpm": 0.0,
    "cpc": 0.0,
    "cpconversion": 0.0,
    "cost": null
  },
  {
    "date": "2016-04-10",
    "campaign_id": "932635",
    "impressions": "0",
    "clicks": null,
    "channel": "DBM\r",
    "audience_segment": null,
    "city": null,
    "os": null,
    "device_type": null,
    "conversions": null,
    "cpm": 0.0,
    "cpc": 0.0,
    "cpconversion": 0.0,
    "cost": null
  },
  {
    "date": "2016-04-10",
    "campaign_id": "950337",
    "impressions": "0",
    "clicks": null,
    "channel": "DBM\r",
    "audience_segment": null,
    "city": null,
    "os": null,
    "device_type": null,
    "conversions": null,
    "cpm": 0.0,
    "cpc": 0.0,
    "cpconversion": 0.0,
    "cost": null
  },
  {
    "date": "2016-04-11",
    "campaign_id": "6035541283229",
    "impressions": "0",
    "clicks": null,
    "channel": "Facebook\r",
    "audience_segment": null,
    "city": null,
    "os": null,
    "device_type": null,
    "conversions": null,
    "cpm": 0.0,
    "cpc": 0.0,
    "cpconversion": 0.0,
    "cost": null
  },
  {
    "date": "2016-04-11",
    "campaign_id": "390878914",
    "impressions": "0",
    "clicks": null,
    "channel": "Adwords\r",
    "audience_segment": null,
    "city": null,
    "os": null,
    "device_type": null,
    "conversions": null,
    "cpm": 0.0,
    "cpc": 0.0,
    "cpconversion": 0.0,
    "cost": null
  },
  {
    "date": "2016-04-11",
    "campaign_id": "395092114",
    "impressions": "0",
    "clicks": null,
    "channel": "Adwords\r",
    "audience_segment": null,
    "city": null,
    "os": null,
    "device_type": null,
    "conversions": null,
    "cpm": 0.0,
    "cpc": 0.0,
    "cpconversion": 0.0,
    "cost": null
  },
  {
    "date": "2016-04-11",
    "campaign_id": "1028336",
    "impressions": "0",
    "clicks": null,
    "channel": "DBM\r",
    "audience_segment": null,
    "city": null,
    "os": null,
    "device_type": null,
    "conversions": null,
    "cpm": 0.0,
    "cpc": 0.0,
    "cpconversion": 0.0,
    "cost": null
  },
  {
    "date": "2016-04-11",
    "campaign_id": "1066969",
    "impressions": "0",
    "clicks": null,
    "channel": "DBM\r",
    "audience_segment": null,
    "city": null,
    "os": null,
    "device_type": null,
    "conversions": null,
    "cpm": 0.0,
    "cpc": 0.0,
    "cpconversion": 0.0,
    "cost": null
  },
  {
    "date": "2016-04-11",
    "campaign_id": "932635",
    "impressions": "0",
    "clicks": null,
    "channel": "DBM\r",
    "audience_segment": null,
    "city": null,
    "os": null,
    "device_type": null,
    "conversions": null,
    "cpm": 0.0,
    "cpc": 0.0,
    "cpconversion": 0.0,
    "cost": null
  },
  {
    "date": "2016-04-11",
    "campaign_id": "950337",
    "impressions": "0",
    "clicks": null,
    "channel": "DBM\r",
    "audience_segment": null,
    "city": null,
    "os": null,
    "device_type": null,
    "conversions": null,
    "cpm": 0.0,
    "cpc": 0.0,
    "cpconversion": 0.0,
    "cost": null
  },
  {
    "date": "2016-04-12",
    "campaign_id": "6037350171629",
    "impressions": "0",
    "clicks": null,
    "channel": "Facebook\r",
    "audience_segment": null,
    "city": null,
    "os": null,
    "device_type": null,
    "conversions": null,
    "cpm": 0.0,
    "cpc": 0.0,
    "cpconversion": 0.0,
    "cost": null
  },
  {
    "date": "2016-04-12",
    "campaign_id": "6037957381229",
    "impressions": "0",
    "clicks": null,
    "channel": "Facebook\r",
    "audience_segment": null,
    "city": null,
    "os": null,
    "device_type": null,
    "conversions": null,
    "cpm": 0.0,
    "cpc": 0.0,
    "cpconversion": 0.0,
    "cost": null
  },
  {
    "date": "2016-04-12",
    "campaign_id": "390878914",
    "impressions": "0",
    "clicks": null,
    "channel": "Adwords\r",
    "audience_segment": null,
    "city": null,
    "os": null,
    "device_type": null,
    "conversions": null,
    "cpm": 0.0,
    "cpc": 0.0,
    "cpconversion": 0.0,
    "cost": null
  },
  {
    "date": "2016-04-12",
    "campaign_id": "395092114",
    "impressions": "0",
    "clicks": null,
    "channel": "Adwords\r",
    "audience_segment": null,
    "city": null,
    "os": null,
    "device_type": null,
    "conversions": null,
    "cpm": 0.0,
    "cpc": 0.0,
    "cpconversion": 0.0,
    "cost": null
  },
  {
    "date": "2016-04-12",
    "campaign_id": "1028336",
    "impressions": "0",
    "clicks": null,
    "channel": "DBM\r",
    "audience_segment": null,
    "city": null,
    "os": null,
    "device_type": null,
    "conversions": null,
    "cpm": 0.0,
    "cpc": 0.0,
    "cpconversion": 0.0,
    "cost": null
  },
  {
    "date": "2016-04-12",
    "campaign_id": "1066969",
    "impressions": "0",
    "clicks": null,
    "channel": "DBM\r",
    "audience_segment": null,
    "city": null,
    "os": null,
    "device_type": null,
    "conversions": null,
    "cpm": 0.0,
    "cpc": 0.0,
    "cpconversion": 0.0,
    "cost": null
  },
  {
    "date": "2016-04-12",
    "campaign_id": "932635",
    "impressions": "0",
    "clicks": null,
    "channel": "DBM\r",
    "audience_segment": null,
    "city": null,
    "os": null,
    "device_type": null,
    "conversions": null,
    "cpm": 0.0,
    "cpc": 0.0,
    "cpconversion": 0.0,
    "cost": null
  },
  {
    "date": "2016-04-12",
    "campaign_id": "950337",
    "impressions": "0",
    "clicks": null,
    "channel": "DBM\r",
    "audience_segment": null,
    "city": null,
    "os": null,
    "device_type": null,
    "conversions": null,
    "cpm": 0.0,
    "cpc": 0.0,
    "cpconversion": 0.0,
    "cost": null
  },
  {
    "date": "2016-04-13",
    "campaign_id": "6034988464029",
    "impressions": "0",
    "clicks": null,
    "channel": "Facebook\r",
    "audience_segment": null,
    "city": null,
    "os": null,
    "device_type": null,
    "conversions": null,
    "cpm": 0.0,
    "cpc": 0.0,
    "cpconversion": 0.0,
    "cost": null
  },
  {
    "date": "2016-04-13",
    "campaign_id": "6037350171629",
    "impressions": "0",
    "clicks": null,
    "channel": "Facebook\r",
    "audience_segment": null,
    "city": null,
    "os": null,
    "device_type": null,
    "conversions": null,
    "cpm": 0.0,
    "cpc": 0.0,
    "cpconversion": 0.0,
    "cost": null
  },
  {
    "date": "2016-04-13",
    "campaign_id": "6037957381229",
    "impressions": "0",
    "clicks": null,
    "channel": "Facebook\r",
    "audience_segment": null,
    "city": null,
    "os": null,
    "device_type": null,
    "conversions": null,
    "cpm": 0.0,
    "cpc": 0.0,
    "cpconversion": 0.0,
    "cost": null
  },
  {
    "date": "2016-04-13",
    "campaign_id": "6035541283229",
    "impressions": "0",
    "clicks": null,
    "channel": "Facebook\r",
    "audience_segment": null,
    "city": null,
    "os": null,
    "device_type": null,
    "conversions": null,
    "cpm": 0.0,
    "cpc": 0.0,
    "cpconversion": 0.0,
    "cost": null
  },
  {
    "date": "2016-04-13",
    "campaign_id": "390878914",
    "impressions": "0",
    "clicks": null,
    "channel": "Adwords\r",
    "audience_segment": null,
    "city": null,
    "os": null,
    "device_type": null,
    "conversions": null,
    "cpm": 0.0,
    "cpc": 0.0,
    "cpconversion": 0.0,
    "cost": null
  },
  {
    "date": "2016-04-13",
    "campaign_id": "395092114",
    "impressions": "0",
    "clicks": null,
    "channel": "Adwords\r",
    "audience_segment": null,
    "city": null,
    "os": null,
    "device_type": null,
    "conversions": null,
    "cpm": 0.0,
    "cpc": 0.0,
    "cpconversion": 0.0,
    "cost": null
  },
  {
    "date": "2016-04-13",
    "campaign_id": "1028336",
    "impressions": "0",
    "clicks": null,
    "channel": "DBM\r",
    "audience_segment": null,
    "city": null,
    "os": null,
    "device_type": null,
    "conversions": null,
    "cpm": 0.0,
    "cpc": 0.0,
    "cpconversion": 0.0,
    "cost": null
  },
  {
    "date": "2016-04-13",
    "campaign_id": "1066969",
    "impressions": "0",
    "clicks": null,
    "channel": "DBM\r",
    "audience_segment": null,
    "city": null,
    "os": null,
    "device_type": null,
    "conversions": null,
    "cpm": 0.0,
    "cpc": 0.0,
    "cpconversion": 0.0,
    "cost": null
  },
  {
    "date": "2016-04-13",
    "campaign_id": "932635",
    "impressions": "0",
    "clicks": null,
    "channel": "DBM\r",
    "audience_segment": null,
    "city": null,
    "os": null,
    "device_type": null,
    "conversions": null,
    "cpm": 0.0,
    "cpc": 0.0,
    "cpconversion": 0.0,
    "cost": null
  },
  {
    "date": "2016-04-13",
    "campaign_id": "950337",
    "impressions": "0",
    "clicks": null,
    "channel": "DBM\r",
    "audience_segment": null,
    "city": null,
    "os": null,
    "device_type": null,
    "conversions": null,
    "cpm": 0.0,
    "cpc": 0.0,
    "cpconversion": 0.0,
    "cost": null
  },
  {
    "date": "2016-04-14",
    "campaign_id": "6037350171629",
    "impressions": "0",
    "clicks": null,
    "channel": "Facebook\r",
    "audience_segment": null,
    "city": null,
    "os": null,
    "device_type": null,
    "conversions": null,
    "cpm": 0.0,
    "cpc": 0.0,
    "cpconversion": 0.0,
    "cost": null
  },
  {
    "date": "2016-04-14",
    "campaign_id": "6037957381229",
    "impressions": "0",
    "clicks": null,
    "channel": "Facebook\r",
    "audience_segment": null,
    "city": null,
    "os": null,
    "device_type": null,
    "conversions": null,
    "cpm": 0.0,
    "cpc": 0.0,
    "cpconversion": 0.0,
    "cost": null
  },
  {
    "date": "2016-04-14",
    "campaign_id": "6035541283229",
    "impressions": "0",
    "clicks": null,
    "channel": "Facebook\r",
    "audience_segment": null,
    "city": null,
    "os": null,
    "device_type": null,
    "conversions": null,
    "cpm": 0.0,
    "cpc": 0.0,
    "cpconversion": 0.0,
    "cost": null
  },
  {
    "date": "2016-04-14",
    "campaign_id": "395092114",
    "impressions": "0",
    "clicks": null,
    "channel": "Adwords\r",
    "audience_segment": null,
    "city": null,
    "os": null,
    "device_type": null,
    "conversions": null,
    "cpm": 0.0,
    "cpc": 0.0,
    "cpconversion": 0.0,
    "cost": null
  },
  {
    "date": "2016-04-14",
    "campaign_id": "1028336",
    "impressions": "0",
    "clicks": null,
    "channel": "DBM\r",
    "audience_segment": null,
    "city": null,
    "os": null,
    "device_type": null,
    "conversions": null,
    "cpm": 0.0,
    "cpc": 0.0,
    "cpconversion": 0.0,
    "cost": null
  },
  {
    "date": "2016-04-14",
    "campaign_id": "1066969",
    "impressions": "0",
    "clicks": null,
    "channel": "DBM\r",
    "audience_segment": null,
    "city": null,
    "os": null,
    "device_type": null,
    "conversions": null,
    "cpm": 0.0,
    "cpc": 0.0,
    "cpconversion": 0.0,
    "cost": null
  },
  {
    "date": "2016-04-14",
    "campaign_id": "932635",
    "impressions": "0",
    "clicks": null,
    "channel": "DBM\r",
    "audience_segment": null,
    "city": null,
    "os": null,
    "device_type": null,
    "conversions": null,
    "cpm": 0.0,
    "cpc": 0.0,
    "cpconversion": 0.0,
    "cost": null
  },
  {
    "date": "2016-04-14",
    "campaign_id": "950337",
    "impressions": "0",
    "clicks": null,
    "channel": "DBM\r",
    "audience_segment": null,
    "city": null,
    "os": null,
    "device_type": null,
    "conversions": null,
    "cpm": 0.0,
    "cpc": 0.0,
    "cpconversion": 0.0,
    "cost": null
  },
  {
    "date": "2016-04-15",
    "campaign_id": "6038591740429",
    "impressions": "0",
    "clicks": null,
    "channel": "Facebook\r",
    "audience_segment": null,
    "city": null,
    "os": null,
    "device_type": null,
    "conversions": null,
    "cpm": 0.0,
    "cpc": 0.0,
    "cpconversion": 0.0,
    "cost": null
  },
  {
    "date": "2016-04-15",
    "campaign_id": "6034988464029",
    "impressions": "0",
    "clicks": null,
    "channel": "Facebook\r",
    "audience_segment": null,
    "city": null,
    "os": null,
    "device_type": null,
    "conversions": null,
    "cpm": 0.0,
    "cpc": 0.0,
    "cpconversion": 0.0,
    "cost": null
  },
  {
    "date": "2016-04-15",
    "campaign_id": "6037350171629",
    "impressions": "0",
    "clicks": null,
    "channel": "Facebook\r",
    "audience_segment": null,
    "city": null,
    "os": null,
    "device_type": null,
    "conversions": null,
    "cpm": 0.0,
    "cpc": 0.0,
    "cpconversion": 0.0,
    "cost": null
  },
  {
    "date": "2016-04-15",
    "campaign_id": "6037957381229",
    "impressions": "0",
    "clicks": null,
    "channel": "Facebook\r",
    "audience_segment": null,
    "city": null,
    "os": null,
    "device_type": null,
    "conversions": null,
    "cpm": 0.0,
    "cpc": 0.0,
    "cpconversion": 0.0,
    "cost": null
  },
  {
    "date": "2016-04-15",
    "campaign_id": "6035541283229",
    "impressions": "0",
    "clicks": null,
    "channel": "Facebook\r",
    "audience_segment": null,
    "city": null,
    "os": null,
    "device_type": null,
    "conversions": null,
    "cpm": 0.0,
    "cpc": 0.0,
    "cpconversion": 0.0,
    "cost": null
  },
  {
    "date": "2016-04-15",
    "campaign_id": "395092114",
    "impressions": "0",
    "clicks": null,
    "channel": "Adwords\r",
    "audience_segment": null,
    "city": null,
    "os": null,
    "device_type": null,
    "conversions": null,
    "cpm": 0.0,
    "cpc": 0.0,
    "cpconversion": 0.0,
    "cost": null
  },
  {
    "date": "2016-04-15",
    "campaign_id": "1028336",
    "impressions": "0",
    "clicks": null,
    "channel": "DBM\r",
    "audience_segment": null,
    "city": null,
    "os": null,
    "device_type": null,
    "conversions": null,
    "cpm": 0.0,
    "cpc": 0.0,
    "cpconversion": 0.0,
    "cost": null
  },
  {
    "date": "2016-04-15",
    "campaign_id": "1066969",
    "impressions": "0",
    "clicks": null,
    "channel": "DBM\r",
    "audience_segment": null,
    "city": null,
    "os": null,
    "device_type": null,
    "conversions": null,
    "cpm": 0.0,
    "cpc": 0.0,
    "cpconversion": 0.0,
    "cost": null
  },
  {
    "date": "2016-04-15",
    "campaign_id": "932635",
    "impressions": "0",
    "clicks": null,
    "channel": "DBM\r",
    "audience_segment": null,
    "city": null,
    "os": null,
    "device_type": null,
    "conversions": null,
    "cpm": 0.0,
    "cpc": 0.0,
    "cpconversion": 0.0,
    "cost": null
  },
  {
    "date": "2016-04-15",
    "campaign_id": "950337",
    "impressions": "0",
    "clicks": null,
    "channel": "DBM\r",
    "audience_segment": null,
    "city": null,
    "os": null,
    "device_type": null,
    "conversions": null,
    "cpm": 0.0,
    "cpc": 0.0,
    "cpconversion": 0.0,
    "cost": null
  },
  {
    "date": "2016-04-16",
    "campaign_id": "6038591740429",
    "impressions": "0",
    "clicks": null,
    "channel": "Facebook\r",
    "audience_segment": null,
    "city": null,
    "os": null,
    "device_type": null,
    "conversions": null,
    "cpm": 0.0,
    "cpc": 0.0,
    "cpconversion": 0.0,
    "cost": null
  },
  {
    "date": "2016-04-16",
    "campaign_id": "6034988464029",
    "impressions": "0",
    "clicks": null,
    "channel": "Facebook\r",
    "audience_segment": null,
    "city": null,
    "os": null,
    "device_type": null,
    "conversions": null,
    "cpm": 0.0,
    "cpc": 0.0,
    "cpconversion": 0.0,
    "cost": null
  },
  {
    "date": "2016-04-16",
    "campaign_id": "6037350171629",
    "impressions": "0",
    "clicks": null,
    "channel": "Facebook\r",
    "audience_segment": null,
    "city": null,
    "os": null,
    "device_type": null,
    "conversions": null,
    "cpm": 0.0,
    "cpc": 0.0,
    "cpconversion": 0.0,
    "cost": null
  },
  {
    "date": "2016-04-16",
    "campaign_id": "6037957381229",
    "impressions": "0",
    "clicks": null,
    "channel": "Facebook\r",
    "audience_segment": null,
    "city": null,
    "os": null,
    "device_type": null,
    "conversions": null,
    "cpm": 0.0,
    "cpc": 0.0,
    "cpconversion": 0.0,
    "cost": null
  },
  {
    "date": "2016-04-16",
    "campaign_id": "6035541283229",
    "impressions": "0",
    "clicks": null,
    "channel": "Facebook\r",
    "audience_segment": null,
    "city": null,
    "os": null,
    "device_type": null,
    "conversions": null,
    "cpm": 0.0,
    "cpc": 0.0,
    "cpconversion": 0.0,
    "cost": null
  },
  {
    "date": "2016-04-16",
    "campaign_id": "1028336",
    "impressions": "0",
    "clicks": null,
    "channel": "DBM\r",
    "audience_segment": null,
    "city": null,
    "os": null,
    "device_type": null,
    "conversions": null,
    "cpm": 0.0,
    "cpc": 0.0,
    "cpconversion": 0.0,
    "cost": null
  },
  {
    "date": "2016-04-16",
    "campaign_id": "1066969",
    "impressions": "0",
    "clicks": null,
    "channel": "DBM\r",
    "audience_segment": null,
    "city": null,
    "os": null,
    "device_type": null,
    "conversions": null,
    "cpm": 0.0,
    "cpc": 0.0,
    "cpconversion": 0.0,
    "cost": null
  },
  {
    "date": "2016-04-16",
    "campaign_id": "932635",
    "impressions": "0",
    "clicks": null,
    "channel": "DBM\r",
    "audience_segment": null,
    "city": null,
    "os": null,
    "device_type": null,
    "conversions": null,
    "cpm": 0.0,
    "cpc": 0.0,
    "cpconversion": 0.0,
    "cost": null
  },
  {
    "date": "2016-04-16",
    "campaign_id": "950337",
    "impressions": "0",
    "clicks": null,
    "channel": "DBM\r",
    "audience_segment": null,
    "city": null,
    "os": null,
    "device_type": null,
    "conversions": null,
    "cpm": 0.0,
    "cpc": 0.0,
    "cpconversion": 0.0,
    "cost": null
  },
  {
    "date": "2016-04-17",
    "campaign_id": "6038591740429",
    "impressions": "0",
    "clicks": null,
    "channel": "Facebook\r",
    "audience_segment": null,
    "city": null,
    "os": null,
    "device_type": null,
    "conversions": null,
    "cpm": 0.0,
    "cpc": 0.0,
    "cpconversion": 0.0,
    "cost": null
  },
  {
    "date": "2016-04-17",
    "campaign_id": "6034988464029",
    "impressions": "0",
    "clicks": null,
    "channel": "Facebook\r",
    "audience_segment": null,
    "city": null,
    "os": null,
    "device_type": null,
    "conversions": null,
    "cpm": 0.0,
    "cpc": 0.0,
    "cpconversion": 0.0,
    "cost": null
  },
  {
    "date": "2016-04-17",
    "campaign_id": "6037350171629",
    "impressions": "0",
    "clicks": null,
    "channel": "Facebook\r",
    "audience_segment": null,
    "city": null,
    "os": null,
    "device_type": null,
    "conversions": null,
    "cpm": 0.0,
    "cpc": 0.0,
    "cpconversion": 0.0,
    "cost": null
  },
  {
    "date": "2016-04-17",
    "campaign_id": "6037957381229",
    "impressions": "0",
    "clicks": null,
    "channel": "Facebook\r",
    "audience_segment": null,
    "city": null,
    "os": null,
    "device_type": null,
    "conversions": null,
    "cpm": 0.0,
    "cpc": 0.0,
    "cpconversion": 0.0,
    "cost": null
  },
  {
    "date": "2016-04-17",
    "campaign_id": "6035541283229",
    "impressions": "0",
    "clicks": null,
    "channel": "Facebook\r",
    "audience_segment": null,
    "city": null,
    "os": null,
    "device_type": null,
    "conversions": null,
    "cpm": 0.0,
    "cpc": 0.0,
    "cpconversion": 0.0,
    "cost": null
  },
  {
    "date": "2016-04-17",
    "campaign_id": "1028336",
    "impressions": "0",
    "clicks": null,
    "channel": "DBM\r",
    "audience_segment": null,
    "city": null,
    "os": null,
    "device_type": null,
    "conversions": null,
    "cpm": 0.0,
    "cpc": 0.0,
    "cpconversion": 0.0,
    "cost": null
  },
  {
    "date": "2016-04-17",
    "campaign_id": "1066969",
    "impressions": "0",
    "clicks": null,
    "channel": "DBM\r",
    "audience_segment": null,
    "city": null,
    "os": null,
    "device_type": null,
    "conversions": null,
    "cpm": 0.0,
    "cpc": 0.0,
    "cpconversion": 0.0,
    "cost": null
  },
  {
    "date": "2016-04-17",
    "campaign_id": "932635",
    "impressions": "0",
    "clicks": null,
    "channel": "DBM\r",
    "audience_segment": null,
    "city": null,
    "os": null,
    "device_type": null,
    "conversions": null,
    "cpm": 0.0,
    "cpc": 0.0,
    "cpconversion": 0.0,
    "cost": null
  },
  {
    "date": "2016-04-17",
    "campaign_id": "950337",
    "impressions": "0",
    "clicks": null,
    "channel": "DBM\r",
    "audience_segment": null,
    "city": null,
    "os": null,
    "device_type": null,
    "conversions": null,
    "cpm": 0.0,
    "cpc": 0.0,
    "cpconversion": 0.0,
    "cost": null
  },
  {
    "date": "2016-04-18",
    "campaign_id": "6038591740429",
    "impressions": "0",
    "clicks": null,
    "channel": "Facebook\r",
    "audience_segment": null,
    "city": null,
    "os": null,
    "device_type": null,
    "conversions": null,
    "cpm": 0.0,
    "cpc": 0.0,
    "cpconversion": 0.0,
    "cost": null
  },
  {
    "date": "2016-04-18",
    "campaign_id": "6034988464029",
    "impressions": "0",
    "clicks": null,
    "channel": "Facebook\r",
    "audience_segment": null,
    "city": null,
    "os": null,
    "device_type": null,
    "conversions": null,
    "cpm": 0.0,
    "cpc": 0.0,
    "cpconversion": 0.0,
    "cost": null
  },
  {
    "date": "2016-04-18",
    "campaign_id": "6037350171629",
    "impressions": "0",
    "clicks": null,
    "channel": "Facebook\r",
    "audience_segment": null,
    "city": null,
    "os": null,
    "device_type": null,
    "conversions": null,
    "cpm": 0.0,
    "cpc": 0.0,
    "cpconversion": 0.0,
    "cost": null
  },
  {
    "date": "2016-04-18",
    "campaign_id": "6037957381229",
    "impressions": "0",
    "clicks": null,
    "channel": "Facebook\r",
    "audience_segment": null,
    "city": null,
    "os": null,
    "device_type": null,
    "conversions": null,
    "cpm": 0.0,
    "cpc": 0.0,
    "cpconversion": 0.0,
    "cost": null
  },
  {
    "date": "2016-04-18",
    "campaign_id": "6035541283229",
    "impressions": "0",
    "clicks": null,
    "channel": "Facebook\r",
    "audience_segment": null,
    "city": null,
    "os": null,
    "device_type": null,
    "conversions": null,
    "cpm": 0.0,
    "cpc": 0.0,
    "cpconversion": 0.0,
    "cost": null
  },
  {
    "date": "2016-04-18",
    "campaign_id": "1028336",
    "impressions": "0",
    "clicks": null,
    "channel": "DBM\r",
    "audience_segment": null,
    "city": null,
    "os": null,
    "device_type": null,
    "conversions": null,
    "cpm": 0.0,
    "cpc": 0.0,
    "cpconversion": 0.0,
    "cost": null
  },
  {
    "date": "2016-04-18",
    "campaign_id": "1066969",
    "impressions": "0",
    "clicks": null,
    "channel": "DBM\r",
    "audience_segment": null,
    "city": null,
    "os": null,
    "device_type": null,
    "conversions": null,
    "cpm": 0.0,
    "cpc": 0.0,
    "cpconversion": 0.0,
    "cost": null
  },
  {
    "date": "2016-04-18",
    "campaign_id": "932635",
    "impressions": "0",
    "clicks": null,
    "channel": "DBM\r",
    "audience_segment": null,
    "city": null,
    "os": null,
    "device_type": null,
    "conversions": null,
    "cpm": 0.0,
    "cpc": 0.0,
    "cpconversion": 0.0,
    "cost": null
  },
  {
    "date": "2016-04-18",
    "campaign_id": "950337",
    "impressions": "0",
    "clicks": null,
    "channel": "DBM\r",
    "audience_segment": null,
    "city": null,
    "os": null,
    "device_type": null,
    "conversions": null,
    "cpm": 0.0,
    "cpc": 0.0,
    "cpconversion": 0.0,
    "cost": null
  },
  {
    "date": "2016-04-19",
    "campaign_id": "6038591740429",
    "impressions": "0",
    "clicks": null,
    "channel": "Facebook\r",
    "audience_segment": null,
    "city": null,
    "os": null,
    "device_type": null,
    "conversions": null,
    "cpm": 0.0,
    "cpc": 0.0,
    "cpconversion": 0.0,
    "cost": null
  },
  {
    "date": "2016-04-19",
    "campaign_id": "6034988464029",
    "impressions": "0",
    "clicks": null,
    "channel": "Facebook\r",
    "audience_segment": null,
    "city": null,
    "os": null,
    "device_type": null,
    "conversions": null,
    "cpm": 0.0,
    "cpc": 0.0,
    "cpconversion": 0.0,
    "cost": null
  },
  {
    "date": "2016-04-19",
    "campaign_id": "6037350171629",
    "impressions": "0",
    "clicks": null,
    "channel": "Facebook\r",
    "audience_segment": null,
    "city": null,
    "os": null,
    "device_type": null,
    "conversions": null,
    "cpm": 0.0,
    "cpc": 0.0,
    "cpconversion": 0.0,
    "cost": null
  },
  {
    "date": "2016-04-19",
    "campaign_id": "6037957381229",
    "impressions": "0",
    "clicks": null,
    "channel": "Facebook\r",
    "audience_segment": null,
    "city": null,
    "os": null,
    "device_type": null,
    "conversions": null,
    "cpm": 0.0,
    "cpc": 0.0,
    "cpconversion": 0.0,
    "cost": null
  },
  {
    "date": "2016-04-19",
    "campaign_id": "6035541283229",
    "impressions": "0",
    "clicks": null,
    "channel": "Facebook\r",
    "audience_segment": null,
    "city": null,
    "os": null,
    "device_type": null,
    "conversions": null,
    "cpm": 0.0,
    "cpc": 0.0,
    "cpconversion": 0.0,
    "cost": null
  },
  {
    "date": "2016-04-19",
    "campaign_id": "395092114",
    "impressions": "0",
    "clicks": null,
    "channel": "Adwords\r",
    "audience_segment": null,
    "city": null,
    "os": null,
    "device_type": null,
    "conversions": null,
    "cpm": 0.0,
    "cpc": 0.0,
    "cpconversion": 0.0,
    "cost": null
  },
  {
    "date": "2016-04-19",
    "campaign_id": "1028336",
    "impressions": "0",
    "clicks": null,
    "channel": "DBM\r",
    "audience_segment": null,
    "city": null,
    "os": null,
    "device_type": null,
    "conversions": null,
    "cpm": 0.0,
    "cpc": 0.0,
    "cpconversion": 0.0,
    "cost": null
  },
  {
    "date": "2016-04-19",
    "campaign_id": "1066969",
    "impressions": "0",
    "clicks": null,
    "channel": "DBM\r",
    "audience_segment": null,
    "city": null,
    "os": null,
    "device_type": null,
    "conversions": null,
    "cpm": 0.0,
    "cpc": 0.0,
    "cpconversion": 0.0,
    "cost": null
  },
  {
    "date": "2016-04-19",
    "campaign_id": "932635",
    "impressions": "0",
    "clicks": null,
    "channel": "DBM\r",
    "audience_segment": null,
    "city": null,
    "os": null,
    "device_type": null,
    "conversions": null,
    "cpm": 0.0,
    "cpc": 0.0,
    "cpconversion": 0.0,
    "cost": null
  },
  {
    "date": "2016-04-19",
    "campaign_id": "950337",
    "impressions": "0",
    "clicks": null,
    "channel": "DBM\r",
    "audience_segment": null,
    "city": null,
    "os": null,
    "device_type": null,
    "conversions": null,
    "cpm": 0.0,
    "cpc": 0.0,
    "cpconversion": 0.0,
    "cost": null
  },
  {
    "date": "2016-04-20",
    "campaign_id": "6038591740429",
    "impressions": "0",
    "clicks": null,
    "channel": "Facebook\r",
    "audience_segment": null,
    "city": null,
    "os": null,
    "device_type": null,
    "conversions": null,
    "cpm": 0.0,
    "cpc": 0.0,
    "cpconversion": 0.0,
    "cost": null
  },
  {
    "date": "2016-04-20",
    "campaign_id": "6034988464029",
    "impressions": "0",
    "clicks": null,
    "channel": "Facebook\r",
    "audience_segment": null,
    "city": null,
    "os": null,
    "device_type": null,
    "conversions": null,
    "cpm": 0.0,
    "cpc": 0.0,
    "cpconversion": 0.0,
    "cost": null
  },
  {
    "date": "2016-04-20",
    "campaign_id": "6037350171629",
    "impressions": "0",
    "clicks": null,
    "channel": "Facebook\r",
    "audience_segment": null,
    "city": null,
    "os": null,
    "device_type": null,
    "conversions": null,
    "cpm": 0.0,
    "cpc": 0.0,
    "cpconversion": 0.0,
    "cost": null
  },
  {
    "date": "2016-04-20",
    "campaign_id": "6037957381229",
    "impressions": "0",
    "clicks": null,
    "channel": "Facebook\r",
    "audience_segment": null,
    "city": null,
    "os": null,
    "device_type": null,
    "conversions": null,
    "cpm": 0.0,
    "cpc": 0.0,
    "cpconversion": 0.0,
    "cost": null
  },
  {
    "date": "2016-04-20",
    "campaign_id": "6035541283229",
    "impressions": "0",
    "clicks": null,
    "channel": "Facebook\r",
    "audience_segment": null,
    "city": null,
    "os": null,
    "device_type": null,
    "conversions": null,
    "cpm": 0.0,
    "cpc": 0.0,
    "cpconversion": 0.0,
    "cost": null
  },
  {
    "date": "2016-04-20",
    "campaign_id": "390878914",
    "impressions": "0",
    "clicks": null,
    "channel": "Adwords\r",
    "audience_segment": null,
    "city": null,
    "os": null,
    "device_type": null,
    "conversions": null,
    "cpm": 0.0,
    "cpc": 0.0,
    "cpconversion": 0.0,
    "cost": null
  },
  {
    "date": "2016-04-20",
    "campaign_id": "395092114",
    "impressions": "0",
    "clicks": null,
    "channel": "Adwords\r",
    "audience_segment": null,
    "city": null,
    "os": null,
    "device_type": null,
    "conversions": null,
    "cpm": 0.0,
    "cpc": 0.0,
    "cpconversion": 0.0,
    "cost": null
  },
  {
    "date": "2016-04-20",
    "campaign_id": "1028336",
    "impressions": "0",
    "clicks": null,
    "channel": "DBM\r",
    "audience_segment": null,
    "city": null,
    "os": null,
    "device_type": null,
    "conversions": null,
    "cpm": 0.0,
    "cpc": 0.0,
    "cpconversion": 0.0,
    "cost": null
  },
  {
    "date": "2016-04-20",
    "campaign_id": "1066969",
    "impressions": "0",
    "clicks": null,
    "channel": "DBM\r",
    "audience_segment": null,
    "city": null,
    "os": null,
    "device_type": null,
    "conversions": null,
    "cpm": 0.0,
    "cpc": 0.0,
    "cpconversion": 0.0,
    "cost": null
  },
  {
    "date": "2016-04-20",
    "campaign_id": "932635",
    "impressions": "0",
    "clicks": null,
    "channel": "DBM\r",
    "audience_segment": null,
    "city": null,
    "os": null,
    "device_type": null,
    "conversions": null,
    "cpm": 0.0,
    "cpc": 0.0,
    "cpconversion": 0.0,
    "cost": null
  },
  {
    "date": "2016-04-20",
    "campaign_id": "950337",
    "impressions": "0",
    "clicks": null,
    "channel": "DBM\r",
    "audience_segment": null,
    "city": null,
    "os": null,
    "device_type": null,
    "conversions": null,
    "cpm": 0.0,
    "cpc": 0.0,
    "cpconversion": 0.0,
    "cost": null
  },
  {
    "date": "2016-04-21",
    "campaign_id": "6038591740429",
    "impressions": "0",
    "clicks": null,
    "channel": "Facebook\r",
    "audience_segment": null,
    "city": null,
    "os": null,
    "device_type": null,
    "conversions": null,
    "cpm": 0.0,
    "cpc": 0.0,
    "cpconversion": 0.0,
    "cost": null
  },
  {
    "date": "2016-04-21",
    "campaign_id": "6034988464029",
    "impressions": "0",
    "clicks": null,
    "channel": "Facebook\r",
    "audience_segment": null,
    "city": null,
    "os": null,
    "device_type": null,
    "conversions": null,
    "cpm": 0.0,
    "cpc": 0.0,
    "cpconversion": 0.0,
    "cost": null
  },
  {
    "date": "2016-04-21",
    "campaign_id": "6037350171629",
    "impressions": "0",
    "clicks": null,
    "channel": "Facebook\r",
    "audience_segment": null,
    "city": null,
    "os": null,
    "device_type": null,
    "conversions": null,
    "cpm": 0.0,
    "cpc": 0.0,
    "cpconversion": 0.0,
    "cost": null
  },
  {
    "date": "2016-04-21",
    "campaign_id": "6037957381229",
    "impressions": "0",
    "clicks": null,
    "channel": "Facebook\r",
    "audience_segment": null,
    "city": null,
    "os": null,
    "device_type": null,
    "conversions": null,
    "cpm": 0.0,
    "cpc": 0.0,
    "cpconversion": 0.0,
    "cost": null
  },
  {
    "date": "2016-04-21",
    "campaign_id": "6035541283229",
    "impressions": "0",
    "clicks": null,
    "channel": "Facebook\r",
    "audience_segment": null,
    "city": null,
    "os": null,
    "device_type": null,
    "conversions": null,
    "cpm": 0.0,
    "cpc": 0.0,
    "cpconversion": 0.0,
    "cost": null
  },
  {
    "date": "2016-04-21",
    "campaign_id": "390878914",
    "impressions": "0",
    "clicks": null,
    "channel": "Adwords\r",
    "audience_segment": null,
    "city": null,
    "os": null,
    "device_type": null,
    "conversions": null,
    "cpm": 0.0,
    "cpc": 0.0,
    "cpconversion": 0.0,
    "cost": null
  },
  {
    "date": "2016-04-21",
    "campaign_id": "395092114",
    "impressions": "0",
    "clicks": null,
    "channel": "Adwords\r",
    "audience_segment": null,
    "city": null,
    "os": null,
    "device_type": null,
    "conversions": null,
    "cpm": 0.0,
    "cpc": 0.0,
    "cpconversion": 0.0,
    "cost": null
  },
  {
    "date": "2016-04-21",
    "campaign_id": "1028336",
    "impressions": "0",
    "clicks": null,
    "channel": "DBM\r",
    "audience_segment": null,
    "city": null,
    "os": null,
    "device_type": null,
    "conversions": null,
    "cpm": 0.0,
    "cpc": 0.0,
    "cpconversion": 0.0,
    "cost": null
  },
  {
    "date": "2016-04-21",
    "campaign_id": "1066969",
    "impressions": "0",
    "clicks": null,
    "channel": "DBM\r",
    "audience_segment": null,
    "city": null,
    "os": null,
    "device_type": null,
    "conversions": null,
    "cpm": 0.0,
    "cpc": 0.0,
    "cpconversion": 0.0,
    "cost": null
  },
  {
    "date": "2016-04-21",
    "campaign_id": "932635",
    "impressions": "0",
    "clicks": null,
    "channel": "DBM\r",
    "audience_segment": null,
    "city": null,
    "os": null,
    "device_type": null,
    "conversions": null,
    "cpm": 0.0,
    "cpc": 0.0,
    "cpconversion": 0.0,
    "cost": null
  },
  {
    "date": "2016-04-21",
    "campaign_id": "950337",
    "impressions": "0",
    "clicks": null,
    "channel": "DBM\r",
    "audience_segment": null,
    "city": null,
    "os": null,
    "device_type": null,
    "conversions": null,
    "cpm": 0.0,
    "cpc": 0.0,
    "cpconversion": 0.0,
    "cost": null
  },
  {
    "date": "2016-04-22",
    "campaign_id": "6038591740429",
    "impressions": "0",
    "clicks": null,
    "channel": "Facebook\r",
    "audience_segment": null,
    "city": null,
    "os": null,
    "device_type": null,
    "conversions": null,
    "cpm": 0.0,
    "cpc": 0.0,
    "cpconversion": 0.0,
    "cost": null
  },
  {
    "date": "2016-04-22",
    "campaign_id": "6034988464029",
    "impressions": "0",
    "clicks": null,
    "channel": "Facebook\r",
    "audience_segment": null,
    "city": null,
    "os": null,
    "device_type": null,
    "conversions": null,
    "cpm": 0.0,
    "cpc": 0.0,
    "cpconversion": 0.0,
    "cost": null
  },
  {
    "date": "2016-04-22",
    "campaign_id": "6037350171629",
    "impressions": "0",
    "clicks": null,
    "channel": "Facebook\r",
    "audience_segment": null,
    "city": null,
    "os": null,
    "device_type": null,
    "conversions": null,
    "cpm": 0.0,
    "cpc": 0.0,
    "cpconversion": 0.0,
    "cost": null
  },
  {
    "date": "2016-04-22",
    "campaign_id": "6037957381229",
    "impressions": "0",
    "clicks": null,
    "channel": "Facebook\r",
    "audience_segment": null,
    "city": null,
    "os": null,
    "device_type": null,
    "conversions": null,
    "cpm": 0.0,
    "cpc": 0.0,
    "cpconversion": 0.0,
    "cost": null
  },
  {
    "date": "2016-04-22",
    "campaign_id": "6035541283229",
    "impressions": "0",
    "clicks": null,
    "channel": "Facebook\r",
    "audience_segment": null,
    "city": null,
    "os": null,
    "device_type": null,
    "conversions": null,
    "cpm": 0.0,
    "cpc": 0.0,
    "cpconversion": 0.0,
    "cost": null
  },
  {
    "date": "2016-04-22",
    "campaign_id": "390878914",
    "impressions": "0",
    "clicks": null,
    "channel": "Adwords\r",
    "audience_segment": null,
    "city": null,
    "os": null,
    "device_type": null,
    "conversions": null,
    "cpm": 0.0,
    "cpc": 0.0,
    "cpconversion": 0.0,
    "cost": null
  },
  {
    "date": "2016-04-22",
    "campaign_id": "395092114",
    "impressions": "0",
    "clicks": null,
    "channel": "Adwords\r",
    "audience_segment": null,
    "city": null,
    "os": null,
    "device_type": null,
    "conversions": null,
    "cpm": 0.0,
    "cpc": 0.0,
    "cpconversion": 0.0,
    "cost": null
  },
  {
    "date": "2016-04-22",
    "campaign_id": "1028336",
    "impressions": "0",
    "clicks": null,
    "channel": "DBM\r",
    "audience_segment": null,
    "city": null,
    "os": null,
    "device_type": null,
    "conversions": null,
    "cpm": 0.0,
    "cpc": 0.0,
    "cpconversion": 0.0,
    "cost": null
  },
  {
    "date": "2016-04-22",
    "campaign_id": "1066969",
    "impressions": "0",
    "clicks": null,
    "channel": "DBM\r",
    "audience_segment": null,
    "city": null,
    "os": null,
    "device_type": null,
    "conversions": null,
    "cpm": 0.0,
    "cpc": 0.0,
    "cpconversion": 0.0,
    "cost": null
  },
  {
    "date": "2016-04-22",
    "campaign_id": "932635",
    "impressions": "0",
    "clicks": null,
    "channel": "DBM\r",
    "audience_segment": null,
    "city": null,
    "os": null,
    "device_type": null,
    "conversions": null,
    "cpm": 0.0,
    "cpc": 0.0,
    "cpconversion": 0.0,
    "cost": null
  },
  {
    "date": "2016-04-22",
    "campaign_id": "950337",
    "impressions": "0",
    "clicks": null,
    "channel": "DBM\r",
    "audience_segment": null,
    "city": null,
    "os": null,
    "device_type": null,
    "conversions": null,
    "cpm": 0.0,
    "cpc": 0.0,
    "cpconversion": 0.0,
    "cost": null
  },
  {
    "date": "2016-04-23",
    "campaign_id": "6038591740429",
    "impressions": "0",
    "clicks": null,
    "channel": "Facebook\r",
    "audience_segment": null,
    "city": null,
    "os": null,
    "device_type": null,
    "conversions": null,
    "cpm": 0.0,
    "cpc": 0.0,
    "cpconversion": 0.0,
    "cost": null
  },
  {
    "date": "2016-04-23",
    "campaign_id": "6034988464029",
    "impressions": "0",
    "clicks": null,
    "channel": "Facebook\r",
    "audience_segment": null,
    "city": null,
    "os": null,
    "device_type": null,
    "conversions": null,
    "cpm": 0.0,
    "cpc": 0.0,
    "cpconversion": 0.0,
    "cost": null
  },
  {
    "date": "2016-04-23",
    "campaign_id": "6037350171629",
    "impressions": "0",
    "clicks": null,
    "channel": "Facebook\r",
    "audience_segment": null,
    "city": null,
    "os": null,
    "device_type": null,
    "conversions": null,
    "cpm": 0.0,
    "cpc": 0.0,
    "cpconversion": 0.0,
    "cost": null
  },
  {
    "date": "2016-04-23",
    "campaign_id": "6037957381229",
    "impressions": "0",
    "clicks": null,
    "channel": "Facebook\r",
    "audience_segment": null,
    "city": null,
    "os": null,
    "device_type": null,
    "conversions": null,
    "cpm": 0.0,
    "cpc": 0.0,
    "cpconversion": 0.0,
    "cost": null
  },
  {
    "date": "2016-04-23",
    "campaign_id": "6035541283229",
    "impressions": "0",
    "clicks": null,
    "channel": "Facebook\r",
    "audience_segment": null,
    "city": null,
    "os": null,
    "device_type": null,
    "conversions": null,
    "cpm": 0.0,
    "cpc": 0.0,
    "cpconversion": 0.0,
    "cost": null
  },
  {
    "date": "2016-04-23",
    "campaign_id": "390878914",
    "impressions": "0",
    "clicks": null,
    "channel": "Adwords\r",
    "audience_segment": null,
    "city": null,
    "os": null,
    "device_type": null,
    "conversions": null,
    "cpm": 0.0,
    "cpc": 0.0,
    "cpconversion": 0.0,
    "cost": null
  },
  {
    "date": "2016-04-23",
    "campaign_id": "395092114",
    "impressions": "0",
    "clicks": null,
    "channel": "Adwords\r",
    "audience_segment": null,
    "city": null,
    "os": null,
    "device_type": null,
    "conversions": null,
    "cpm": 0.0,
    "cpc": 0.0,
    "cpconversion": 0.0,
    "cost": null
  },
  {
    "date": "2016-04-23",
    "campaign_id": "1028336",
    "impressions": "0",
    "clicks": null,
    "channel": "DBM\r",
    "audience_segment": null,
    "city": null,
    "os": null,
    "device_type": null,
    "conversions": null,
    "cpm": 0.0,
    "cpc": 0.0,
    "cpconversion": 0.0,
    "cost": null
  },
  {
    "date": "2016-04-23",
    "campaign_id": "1066969",
    "impressions": "0",
    "clicks": null,
    "channel": "DBM\r",
    "audience_segment": null,
    "city": null,
    "os": null,
    "device_type": null,
    "conversions": null,
    "cpm": 0.0,
    "cpc": 0.0,
    "cpconversion": 0.0,
    "cost": null
  },
  {
    "date": "2016-04-23",
    "campaign_id": "932635",
    "impressions": "0",
    "clicks": null,
    "channel": "DBM\r",
    "audience_segment": null,
    "city": null,
    "os": null,
    "device_type": null,
    "conversions": null,
    "cpm": 0.0,
    "cpc": 0.0,
    "cpconversion": 0.0,
    "cost": null
  },
  {
    "date": "2016-04-23",
    "campaign_id": "950337",
    "impressions": "0",
    "clicks": null,
    "channel": "DBM\r",
    "audience_segment": null,
    "city": null,
    "os": null,
    "device_type": null,
    "conversions": null,
    "cpm": 0.0,
    "cpc": 0.0,
    "cpconversion": 0.0,
    "cost": null
  },
  {
    "date": "2016-04-24",
    "campaign_id": "6038591740429",
    "impressions": "0",
    "clicks": null,
    "channel": "Facebook\r",
    "audience_segment": null,
    "city": null,
    "os": null,
    "device_type": null,
    "conversions": null,
    "cpm": 0.0,
    "cpc": 0.0,
    "cpconversion": 0.0,
    "cost": null
  },
  {
    "date": "2016-04-24",
    "campaign_id": "6034988464029",
    "impressions": "0",
    "clicks": null,
    "channel": "Facebook\r",
    "audience_segment": null,
    "city": null,
    "os": null,
    "device_type": null,
    "conversions": null,
    "cpm": 0.0,
    "cpc": 0.0,
    "cpconversion": 0.0,
    "cost": null
  },
  {
    "date": "2016-04-24",
    "campaign_id": "6037350171629",
    "impressions": "0",
    "clicks": null,
    "channel": "Facebook\r",
    "audience_segment": null,
    "city": null,
    "os": null,
    "device_type": null,
    "conversions": null,
    "cpm": 0.0,
    "cpc": 0.0,
    "cpconversion": 0.0,
    "cost": null
  },
  {
    "date": "2016-04-24",
    "campaign_id": "6037957381229",
    "impressions": "0",
    "clicks": null,
    "channel": "Facebook\r",
    "audience_segment": null,
    "city": null,
    "os": null,
    "device_type": null,
    "conversions": null,
    "cpm": 0.0,
    "cpc": 0.0,
    "cpconversion": 0.0,
    "cost": null
  },
  {
    "date": "2016-04-24",
    "campaign_id": "6035541283229",
    "impressions": "0",
    "clicks": null,
    "channel": "Facebook\r",
    "audience_segment": null,
    "city": null,
    "os": null,
    "device_type": null,
    "conversions": null,
    "cpm": 0.0,
    "cpc": 0.0,
    "cpconversion": 0.0,
    "cost": null
  },
  {
    "date": "2016-04-24",
    "campaign_id": "390878914",
    "impressions": "0",
    "clicks": null,
    "channel": "Adwords\r",
    "audience_segment": null,
    "city": null,
    "os": null,
    "device_type": null,
    "conversions": null,
    "cpm": 0.0,
    "cpc": 0.0,
    "cpconversion": 0.0,
    "cost": null
  },
  {
    "date": "2016-04-24",
    "campaign_id": "395092114",
    "impressions": "0",
    "clicks": null,
    "channel": "Adwords\r",
    "audience_segment": null,
    "city": null,
    "os": null,
    "device_type": null,
    "conversions": null,
    "cpm": 0.0,
    "cpc": 0.0,
    "cpconversion": 0.0,
    "cost": null
  },
  {
    "date": "2016-04-24",
    "campaign_id": "1028336",
    "impressions": "0",
    "clicks": null,
    "channel": "DBM\r",
    "audience_segment": null,
    "city": null,
    "os": null,
    "device_type": null,
    "conversions": null,
    "cpm": 0.0,
    "cpc": 0.0,
    "cpconversion": 0.0,
    "cost": null
  },
  {
    "date": "2016-04-24",
    "campaign_id": "1066969",
    "impressions": "0",
    "clicks": null,
    "channel": "DBM\r",
    "audience_segment": null,
    "city": null,
    "os": null,
    "device_type": null,
    "conversions": null,
    "cpm": 0.0,
    "cpc": 0.0,
    "cpconversion": 0.0,
    "cost": null
  },
  {
    "date": "2016-04-24",
    "campaign_id": "932635",
    "impressions": "0",
    "clicks": null,
    "channel": "DBM\r",
    "audience_segment": null,
    "city": null,
    "os": null,
    "device_type": null,
    "conversions": null,
    "cpm": 0.0,
    "cpc": 0.0,
    "cpconversion": 0.0,
    "cost": null
  },
  {
    "date": "2016-04-24",
    "campaign_id": "950337",
    "impressions": "0",
    "clicks": null,
    "channel": "DBM\r",
    "audience_segment": null,
    "city": null,
    "os": null,
    "device_type": null,
    "conversions": null,
    "cpm": 0.0,
    "cpc": 0.0,
    "cpconversion": 0.0,
    "cost": null
  },
  {
    "date": "2016-04-25",
    "campaign_id": "6038591740429",
    "impressions": "0",
    "clicks": null,
    "channel": "Facebook\r",
    "audience_segment": null,
    "city": null,
    "os": null,
    "device_type": null,
    "conversions": null,
    "cpm": 0.0,
    "cpc": 0.0,
    "cpconversion": 0.0,
    "cost": null
  },
  {
    "date": "2016-04-25",
    "campaign_id": "6034988464029",
    "impressions": "0",
    "clicks": null,
    "channel": "Facebook\r",
    "audience_segment": null,
    "city": null,
    "os": null,
    "device_type": null,
    "conversions": null,
    "cpm": 0.0,
    "cpc": 0.0,
    "cpconversion": 0.0,
    "cost": null
  },
  {
    "date": "2016-04-25",
    "campaign_id": "6037350171629",
    "impressions": "0",
    "clicks": null,
    "channel": "Facebook\r",
    "audience_segment": null,
    "city": null,
    "os": null,
    "device_type": null,
    "conversions": null,
    "cpm": 0.0,
    "cpc": 0.0,
    "cpconversion": 0.0,
    "cost": null
  },
  {
    "date": "2016-04-25",
    "campaign_id": "6037957381229",
    "impressions": "0",
    "clicks": null,
    "channel": "Facebook\r",
    "audience_segment": null,
    "city": null,
    "os": null,
    "device_type": null,
    "conversions": null,
    "cpm": 0.0,
    "cpc": 0.0,
    "cpconversion": 0.0,
    "cost": null
  },
  {
    "date": "2016-04-25",
    "campaign_id": "6035541283229",
    "impressions": "0",
    "clicks": null,
    "channel": "Facebook\r",
    "audience_segment": null,
    "city": null,
    "os": null,
    "device_type": null,
    "conversions": null,
    "cpm": 0.0,
    "cpc": 0.0,
    "cpconversion": 0.0,
    "cost": null
  },
  {
    "date": "2016-04-25",
    "campaign_id": "390878914",
    "impressions": "0",
    "clicks": null,
    "channel": "Adwords\r",
    "audience_segment": null,
    "city": null,
    "os": null,
    "device_type": null,
    "conversions": null,
    "cpm": 0.0,
    "cpc": 0.0,
    "cpconversion": 0.0,
    "cost": null
  },
  {
    "date": "2016-04-25",
    "campaign_id": "395092114",
    "impressions": "0",
    "clicks": null,
    "channel": "Adwords\r",
    "audience_segment": null,
    "city": null,
    "os": null,
    "device_type": null,
    "conversions": null,
    "cpm": 0.0,
    "cpc": 0.0,
    "cpconversion": 0.0,
    "cost": null
  },
  {
    "date": "2016-04-25",
    "campaign_id": "1028336",
    "impressions": "0",
    "clicks": null,
    "channel": "DBM\r",
    "audience_segment": null,
    "city": null,
    "os": null,
    "device_type": null,
    "conversions": null,
    "cpm": 0.0,
    "cpc": 0.0,
    "cpconversion": 0.0,
    "cost": null
  },
  {
    "date": "2016-04-25",
    "campaign_id": "1066969",
    "impressions": "0",
    "clicks": null,
    "channel": "DBM\r",
    "audience_segment": null,
    "city": null,
    "os": null,
    "device_type": null,
    "conversions": null,
    "cpm": 0.0,
    "cpc": 0.0,
    "cpconversion": 0.0,
    "cost": null
  },
  {
    "date": "2016-04-25",
    "campaign_id": "932635",
    "impressions": "0",
    "clicks": null,
    "channel": "DBM\r",
    "audience_segment": null,
    "city": null,
    "os": null,
    "device_type": null,
    "conversions": null,
    "cpm": 0.0,
    "cpc": 0.0,
    "cpconversion": 0.0,
    "cost": null
  },
  {
    "date": "2016-04-25",
    "campaign_id": "950337",
    "impressions": "0",
    "clicks": null,
    "channel": "DBM\r",
    "audience_segment": null,
    "city": null,
    "os": null,
    "device_type": null,
    "conversions": null,
    "cpm": 0.0,
    "cpc": 0.0,
    "cpconversion": 0.0,
    "cost": null
  },
  {
    "date": "2016-04-26",
    "campaign_id": "6038591740429",
    "impressions": "0",
    "clicks": null,
    "channel": "Facebook\r",
    "audience_segment": null,
    "city": null,
    "os": null,
    "device_type": null,
    "conversions": null,
    "cpm": 0.0,
    "cpc": 0.0,
    "cpconversion": 0.0,
    "cost": null
  },
  {
    "date": "2016-04-26",
    "campaign_id": "6034988464029",
    "impressions": "0",
    "clicks": null,
    "channel": "Facebook\r",
    "audience_segment": null,
    "city": null,
    "os": null,
    "device_type": null,
    "conversions": null,
    "cpm": 0.0,
    "cpc": 0.0,
    "cpconversion": 0.0,
    "cost": null
  },
  {
    "date": "2016-04-26",
    "campaign_id": "6037350171629",
    "impressions": "0",
    "clicks": null,
    "channel": "Facebook\r",
    "audience_segment": null,
    "city": null,
    "os": null,
    "device_type": null,
    "conversions": null,
    "cpm": 0.0,
    "cpc": 0.0,
    "cpconversion": 0.0,
    "cost": null
  },
  {
    "date": "2016-04-26",
    "campaign_id": "6037957381229",
    "impressions": "0",
    "clicks": null,
    "channel": "Facebook\r",
    "audience_segment": null,
    "city": null,
    "os": null,
    "device_type": null,
    "conversions": null,
    "cpm": 0.0,
    "cpc": 0.0,
    "cpconversion": 0.0,
    "cost": null
  },
  {
    "date": "2016-04-26",
    "campaign_id": "6035541283229",
    "impressions": "0",
    "clicks": null,
    "channel": "Facebook\r",
    "audience_segment": null,
    "city": null,
    "os": null,
    "device_type": null,
    "conversions": null,
    "cpm": 0.0,
    "cpc": 0.0,
    "cpconversion": 0.0,
    "cost": null
  },
  {
    "date": "2016-04-26",
    "campaign_id": "390878914",
    "impressions": "0",
    "clicks": null,
    "channel": "Adwords\r",
    "audience_segment": null,
    "city": null,
    "os": null,
    "device_type": null,
    "conversions": null,
    "cpm": 0.0,
    "cpc": 0.0,
    "cpconversion": 0.0,
    "cost": null
  },
  {
    "date": "2016-04-26",
    "campaign_id": "395092114",
    "impressions": "0",
    "clicks": null,
    "channel": "Adwords\r",
    "audience_segment": null,
    "city": null,
    "os": null,
    "device_type": null,
    "conversions": null,
    "cpm": 0.0,
    "cpc": 0.0,
    "cpconversion": 0.0,
    "cost": null
  },
  {
    "date": "2016-04-26",
    "campaign_id": "1028336",
    "impressions": "0",
    "clicks": null,
    "channel": "DBM\r",
    "audience_segment": null,
    "city": null,
    "os": null,
    "device_type": null,
    "conversions": null,
    "cpm": 0.0,
    "cpc": 0.0,
    "cpconversion": 0.0,
    "cost": null
  },
  {
    "date": "2016-04-26",
    "campaign_id": "1066969",
    "impressions": "0",
    "clicks": null,
    "channel": "DBM\r",
    "audience_segment": null,
    "city": null,
    "os": null,
    "device_type": null,
    "conversions": null,
    "cpm": 0.0,
    "cpc": 0.0,
    "cpconversion": 0.0,
    "cost": null
  },
  {
    "date": "2016-04-26",
    "campaign_id": "932635",
    "impressions": "0",
    "clicks": null,
    "channel": "DBM\r",
    "audience_segment": null,
    "city": null,
    "os": null,
    "device_type": null,
    "conversions": null,
    "cpm": 0.0,
    "cpc": 0.0,
    "cpconversion": 0.0,
    "cost": null
  },
  {
    "date": "2016-04-26",
    "campaign_id": "950337",
    "impressions": "0",
    "clicks": null,
    "channel": "DBM\r",
    "audience_segment": null,
    "city": null,
    "os": null,
    "device_type": null,
    "conversions": null,
    "cpm": 0.0,
    "cpc": 0.0,
    "cpconversion": 0.0,
    "cost": null
  },
  {
    "date": "2016-04-27",
    "campaign_id": "6038591740429",
    "impressions": "0",
    "clicks": null,
    "channel": "Facebook\r",
    "audience_segment": null,
    "city": null,
    "os": null,
    "device_type": null,
    "conversions": null,
    "cpm": 0.0,
    "cpc": 0.0,
    "cpconversion": 0.0,
    "cost": null
  },
  {
    "date": "2016-04-27",
    "campaign_id": "6034988464029",
    "impressions": "0",
    "clicks": null,
    "channel": "Facebook\r",
    "audience_segment": null,
    "city": null,
    "os": null,
    "device_type": null,
    "conversions": null,
    "cpm": 0.0,
    "cpc": 0.0,
    "cpconversion": 0.0,
    "cost": null
  },
  {
    "date": "2016-04-27",
    "campaign_id": "6037350171629",
    "impressions": "0",
    "clicks": null,
    "channel": "Facebook\r",
    "audience_segment": null,
    "city": null,
    "os": null,
    "device_type": null,
    "conversions": null,
    "cpm": 0.0,
    "cpc": 0.0,
    "cpconversion": 0.0,
    "cost": null
  },
  {
    "date": "2016-04-27",
    "campaign_id": "6037957381229",
    "impressions": "0",
    "clicks": null,
    "channel": "Facebook\r",
    "audience_segment": null,
    "city": null,
    "os": null,
    "device_type": null,
    "conversions": null,
    "cpm": 0.0,
    "cpc": 0.0,
    "cpconversion": 0.0,
    "cost": null
  },
  {
    "date": "2016-04-27",
    "campaign_id": "6035541283229",
    "impressions": "0",
    "clicks": null,
    "channel": "Facebook\r",
    "audience_segment": null,
    "city": null,
    "os": null,
    "device_type": null,
    "conversions": null,
    "cpm": 0.0,
    "cpc": 0.0,
    "cpconversion": 0.0,
    "cost": null
  },
  {
    "date": "2016-04-27",
    "campaign_id": "390878914",
    "impressions": "0",
    "clicks": null,
    "channel": "Adwords\r",
    "audience_segment": null,
    "city": null,
    "os": null,
    "device_type": null,
    "conversions": null,
    "cpm": 0.0,
    "cpc": 0.0,
    "cpconversion": 0.0,
    "cost": null
  },
  {
    "date": "2016-04-27",
    "campaign_id": "395092114",
    "impressions": "0",
    "clicks": null,
    "channel": "Adwords\r",
    "audience_segment": null,
    "city": null,
    "os": null,
    "device_type": null,
    "conversions": null,
    "cpm": 0.0,
    "cpc": 0.0,
    "cpconversion": 0.0,
    "cost": null
  },
  {
    "date": "2016-04-27",
    "campaign_id": "1028336",
    "impressions": "0",
    "clicks": null,
    "channel": "DBM\r",
    "audience_segment": null,
    "city": null,
    "os": null,
    "device_type": null,
    "conversions": null,
    "cpm": 0.0,
    "cpc": 0.0,
    "cpconversion": 0.0,
    "cost": null
  },
  {
    "date": "2016-04-27",
    "campaign_id": "1066969",
    "impressions": "0",
    "clicks": null,
    "channel": "DBM\r",
    "audience_segment": null,
    "city": null,
    "os": null,
    "device_type": null,
    "conversions": null,
    "cpm": 0.0,
    "cpc": 0.0,
    "cpconversion": 0.0,
    "cost": null
  },
  {
    "date": "2016-04-27",
    "campaign_id": "932635",
    "impressions": "0",
    "clicks": null,
    "channel": "DBM\r",
    "audience_segment": null,
    "city": null,
    "os": null,
    "device_type": null,
    "conversions": null,
    "cpm": 0.0,
    "cpc": 0.0,
    "cpconversion": 0.0,
    "cost": null
  },
  {
    "date": "2016-04-27",
    "campaign_id": "950337",
    "impressions": "0",
    "clicks": null,
    "channel": "DBM\r",
    "audience_segment": null,
    "city": null,
    "os": null,
    "device_type": null,
    "conversions": null,
    "cpm": 0.0,
    "cpc": 0.0,
    "cpconversion": 0.0,
    "cost": null
  },
  {
    "date": "2016-04-28",
    "campaign_id": "6038591740429",
    "impressions": "0",
    "clicks": null,
    "channel": "Facebook\r",
    "audience_segment": null,
    "city": null,
    "os": null,
    "device_type": null,
    "conversions": null,
    "cpm": 0.0,
    "cpc": 0.0,
    "cpconversion": 0.0,
    "cost": null
  },
  {
    "date": "2016-04-28",
    "campaign_id": "6034988464029",
    "impressions": "0",
    "clicks": null,
    "channel": "Facebook\r",
    "audience_segment": null,
    "city": null,
    "os": null,
    "device_type": null,
    "conversions": null,
    "cpm": 0.0,
    "cpc": 0.0,
    "cpconversion": 0.0,
    "cost": null
  },
  {
    "date": "2016-04-28",
    "campaign_id": "6037350171629",
    "impressions": "0",
    "clicks": null,
    "channel": "Facebook\r",
    "audience_segment": null,
    "city": null,
    "os": null,
    "device_type": null,
    "conversions": null,
    "cpm": 0.0,
    "cpc": 0.0,
    "cpconversion": 0.0,
    "cost": null
  },
  {
    "date": "2016-04-28",
    "campaign_id": "6037957381229",
    "impressions": "0",
    "clicks": null,
    "channel": "Facebook\r",
    "audience_segment": null,
    "city": null,
    "os": null,
    "device_type": null,
    "conversions": null,
    "cpm": 0.0,
    "cpc": 0.0,
    "cpconversion": 0.0,
    "cost": null
  },
  {
    "date": "2016-04-28",
    "campaign_id": "6035541283229",
    "impressions": "0",
    "clicks": null,
    "channel": "Facebook\r",
    "audience_segment": null,
    "city": null,
    "os": null,
    "device_type": null,
    "conversions": null,
    "cpm": 0.0,
    "cpc": 0.0,
    "cpconversion": 0.0,
    "cost": null
  },
  {
    "date": "2016-04-28",
    "campaign_id": "390878914",
    "impressions": "0",
    "clicks": null,
    "channel": "Adwords\r",
    "audience_segment": null,
    "city": null,
    "os": null,
    "device_type": null,
    "conversions": null,
    "cpm": 0.0,
    "cpc": 0.0,
    "cpconversion": 0.0,
    "cost": null
  },
  {
    "date": "2016-04-28",
    "campaign_id": "395092114",
    "impressions": "0",
    "clicks": null,
    "channel": "Adwords\r",
    "audience_segment": null,
    "city": null,
    "os": null,
    "device_type": null,
    "conversions": null,
    "cpm": 0.0,
    "cpc": 0.0,
    "cpconversion": 0.0,
    "cost": null
  },
  {
    "date": "2016-04-28",
    "campaign_id": "1028336",
    "impressions": "0",
    "clicks": null,
    "channel": "DBM\r",
    "audience_segment": null,
    "city": null,
    "os": null,
    "device_type": null,
    "conversions": null,
    "cpm": 0.0,
    "cpc": 0.0,
    "cpconversion": 0.0,
    "cost": null
  },
  {
    "date": "2016-04-28",
    "campaign_id": "1066969",
    "impressions": "0",
    "clicks": null,
    "channel": "DBM\r",
    "audience_segment": null,
    "city": null,
    "os": null,
    "device_type": null,
    "conversions": null,
    "cpm": 0.0,
    "cpc": 0.0,
    "cpconversion": 0.0,
    "cost": null
  },
  {
    "date": "2016-04-28",
    "campaign_id": "932635",
    "impressions": "0",
    "clicks": null,
    "channel": "DBM\r",
    "audience_segment": null,
    "city": null,
    "os": null,
    "device_type": null,
    "conversions": null,
    "cpm": 0.0,
    "cpc": 0.0,
    "cpconversion": 0.0,
    "cost": null
  },
  {
    "date": "2016-04-28",
    "campaign_id": "950337",
    "impressions": "0",
    "clicks": null,
    "channel": "DBM\r",
    "audience_segment": null,
    "city": null,
    "os": null,
    "device_type": null,
    "conversions": null,
    "cpm": 0.0,
    "cpc": 0.0,
    "cpconversion": 0.0,
    "cost": null
  },
  {
    "date": "2016-04-29",
    "campaign_id": "6038591740429",
    "impressions": "0",
    "clicks": null,
    "channel": "Facebook\r",
    "audience_segment": null,
    "city": null,
    "os": null,
    "device_type": null,
    "conversions": null,
    "cpm": 0.0,
    "cpc": 0.0,
    "cpconversion": 0.0,
    "cost": null
  },
  {
    "date": "2016-04-29",
    "campaign_id": "6034988464029",
    "impressions": "0",
    "clicks": null,
    "channel": "Facebook\r",
    "audience_segment": null,
    "city": null,
    "os": null,
    "device_type": null,
    "conversions": null,
    "cpm": 0.0,
    "cpc": 0.0,
    "cpconversion": 0.0,
    "cost": null
  },
  {
    "date": "2016-04-29",
    "campaign_id": "6037350171629",
    "impressions": "0",
    "clicks": null,
    "channel": "Facebook\r",
    "audience_segment": null,
    "city": null,
    "os": null,
    "device_type": null,
    "conversions": null,
    "cpm": 0.0,
    "cpc": 0.0,
    "cpconversion": 0.0,
    "cost": null
  },
  {
    "date": "2016-04-29",
    "campaign_id": "6037957381229",
    "impressions": "0",
    "clicks": null,
    "channel": "Facebook\r",
    "audience_segment": null,
    "city": null,
    "os": null,
    "device_type": null,
    "conversions": null,
    "cpm": 0.0,
    "cpc": 0.0,
    "cpconversion": 0.0,
    "cost": null
  },
  {
    "date": "2016-04-29",
    "campaign_id": "6035541283229",
    "impressions": "0",
    "clicks": null,
    "channel": "Facebook\r",
    "audience_segment": null,
    "city": null,
    "os": null,
    "device_type": null,
    "conversions": null,
    "cpm": 0.0,
    "cpc": 0.0,
    "cpconversion": 0.0,
    "cost": null
  },
  {
    "date": "2016-04-29",
    "campaign_id": "390878914",
    "impressions": "0",
    "clicks": null,
    "channel": "Adwords\r",
    "audience_segment": null,
    "city": null,
    "os": null,
    "device_type": null,
    "conversions": null,
    "cpm": 0.0,
    "cpc": 0.0,
    "cpconversion": 0.0,
    "cost": null
  },
  {
    "date": "2016-04-29",
    "campaign_id": "395092114",
    "impressions": "0",
    "clicks": null,
    "channel": "Adwords\r",
    "audience_segment": null,
    "city": null,
    "os": null,
    "device_type": null,
    "conversions": null,
    "cpm": 0.0,
    "cpc": 0.0,
    "cpconversion": 0.0,
    "cost": null
  },
  {
    "date": "2016-04-29",
    "campaign_id": "1028336",
    "impressions": "0",
    "clicks": null,
    "channel": "DBM\r",
    "audience_segment": null,
    "city": null,
    "os": null,
    "device_type": null,
    "conversions": null,
    "cpm": 0.0,
    "cpc": 0.0,
    "cpconversion": 0.0,
    "cost": null
  },
  {
    "date": "2016-04-29",
    "campaign_id": "1066969",
    "impressions": "0",
    "clicks": null,
    "channel": "DBM\r",
    "audience_segment": null,
    "city": null,
    "os": null,
    "device_type": null,
    "conversions": null,
    "cpm": 0.0,
    "cpc": 0.0,
    "cpconversion": 0.0,
    "cost": null
  },
  {
    "date": "2016-04-29",
    "campaign_id": "932635",
    "impressions": "0",
    "clicks": null,
    "channel": "DBM\r",
    "audience_segment": null,
    "city": null,
    "os": null,
    "device_type": null,
    "conversions": null,
    "cpm": 0.0,
    "cpc": 0.0,
    "cpconversion": 0.0,
    "cost": null
  },
  {
    "date": "2016-04-29",
    "campaign_id": "950337",
    "impressions": "0",
    "clicks": null,
    "channel": "DBM\r",
    "audience_segment": null,
    "city": null,
    "os": null,
    "device_type": null,
    "conversions": null,
    "cpm": 0.0,
    "cpc": 0.0,
    "cpconversion": 0.0,
    "cost": null
  },
  {
    "date": "2016-04-30",
    "campaign_id": "6038591740429",
    "impressions": "0",
    "clicks": null,
    "channel": "Facebook\r",
    "audience_segment": null,
    "city": null,
    "os": null,
    "device_type": null,
    "conversions": null,
    "cpm": 0.0,
    "cpc": 0.0,
    "cpconversion": 0.0,
    "cost": null
  },
  {
    "date": "2016-04-30",
    "campaign_id": "6034988464029",
    "impressions": "0",
    "clicks": null,
    "channel": "Facebook\r",
    "audience_segment": null,
    "city": null,
    "os": null,
    "device_type": null,
    "conversions": null,
    "cpm": 0.0,
    "cpc": 0.0,
    "cpconversion": 0.0,
    "cost": null
  },
  {
    "date": "2016-04-30",
    "campaign_id": "6037350171629",
    "impressions": "0",
    "clicks": null,
    "channel": "Facebook\r",
    "audience_segment": null,
    "city": null,
    "os": null,
    "device_type": null,
    "conversions": null,
    "cpm": 0.0,
    "cpc": 0.0,
    "cpconversion": 0.0,
    "cost": null
  },
  {
    "date": "2016-04-30",
    "campaign_id": "6037957381229",
    "impressions": "0",
    "clicks": null,
    "channel": "Facebook\r",
    "audience_segment": null,
    "city": null,
    "os": null,
    "device_type": null,
    "conversions": null,
    "cpm": 0.0,
    "cpc": 0.0,
    "cpconversion": 0.0,
    "cost": null
  },
  {
    "date": "2016-04-30",
    "campaign_id": "6035541283229",
    "impressions": "0",
    "clicks": null,
    "channel": "Facebook\r",
    "audience_segment": null,
    "city": null,
    "os": null,
    "device_type": null,
    "conversions": null,
    "cpm": 0.0,
    "cpc": 0.0,
    "cpconversion": 0.0,
    "cost": null
  },
  {
    "date": "2016-04-30",
    "campaign_id": "390878914",
    "impressions": "0",
    "clicks": null,
    "channel": "Adwords\r",
    "audience_segment": null,
    "city": null,
    "os": null,
    "device_type": null,
    "conversions": null,
    "cpm": 0.0,
    "cpc": 0.0,
    "cpconversion": 0.0,
    "cost": null
  },
  {
    "date": "2016-04-30",
    "campaign_id": "395092114",
    "impressions": "0",
    "clicks": null,
    "channel": "Adwords\r",
    "audience_segment": null,
    "city": null,
    "os": null,
    "device_type": null,
    "conversions": null,
    "cpm": 0.0,
    "cpc": 0.0,
    "cpconversion": 0.0,
    "cost": null
  },
  {
    "date": "2016-04-30",
    "campaign_id": "1028336",
    "impressions": "0",
    "clicks": null,
    "channel": "DBM\r",
    "audience_segment": null,
    "city": null,
    "os": null,
    "device_type": null,
    "conversions": null,
    "cpm": 0.0,
    "cpc": 0.0,
    "cpconversion": 0.0,
    "cost": null
  },
  {
    "date": "2016-04-30",
    "campaign_id": "1066969",
    "impressions": "0",
    "clicks": null,
    "channel": "DBM\r",
    "audience_segment": null,
    "city": null,
    "os": null,
    "device_type": null,
    "conversions": null,
    "cpm": 0.0,
    "cpc": 0.0,
    "cpconversion": 0.0,
    "cost": null
  },
  {
    "date": "2016-04-30",
    "campaign_id": "932635",
    "impressions": "0",
    "clicks": null,
    "channel": "DBM\r",
    "audience_segment": null,
    "city": null,
    "os": null,
    "device_type": null,
    "conversions": null,
    "cpm": 0.0,
    "cpc": 0.0,
    "cpconversion": 0.0,
    "cost": null
  },
  {
    "date": "2016-04-30",
    "campaign_id": "950337",
    "impressions": "0",
    "clicks": null,
    "channel": "DBM\r",
    "audience_segment": null,
    "city": null,
    "os": null,
    "device_type": null,
    "conversions": null,
    "cpm": 0.0,
    "cpc": 0.0,
    "cpconversion": 0.0,
    "cost": null
  },
  {
    "date": "2016-05-01",
    "campaign_id": "6038591740429",
    "impressions": "0",
    "clicks": null,
    "channel": "Facebook\r",
    "audience_segment": null,
    "city": null,
    "os": null,
    "device_type": null,
    "conversions": null,
    "cpm": 0.0,
    "cpc": 0.0,
    "cpconversion": 0.0,
    "cost": null
  },
  {
    "date": "2016-05-01",
    "campaign_id": "6034988464029",
    "impressions": "0",
    "clicks": null,
    "channel": "Facebook\r",
    "audience_segment": null,
    "city": null,
    "os": null,
    "device_type": null,
    "conversions": null,
    "cpm": 0.0,
    "cpc": 0.0,
    "cpconversion": 0.0,
    "cost": null
  },
  {
    "date": "2016-05-01",
    "campaign_id": "6037350171629",
    "impressions": "0",
    "clicks": null,
    "channel": "Facebook\r",
    "audience_segment": null,
    "city": null,
    "os": null,
    "device_type": null,
    "conversions": null,
    "cpm": 0.0,
    "cpc": 0.0,
    "cpconversion": 0.0,
    "cost": null
  },
  {
    "date": "2016-05-01",
    "campaign_id": "6037957381229",
    "impressions": "0",
    "clicks": null,
    "channel": "Facebook\r",
    "audience_segment": null,
    "city": null,
    "os": null,
    "device_type": null,
    "conversions": null,
    "cpm": 0.0,
    "cpc": 0.0,
    "cpconversion": 0.0,
    "cost": null
  },
  {
    "date": "2016-05-01",
    "campaign_id": "6035541283229",
    "impressions": "0",
    "clicks": null,
    "channel": "Facebook\r",
    "audience_segment": null,
    "city": null,
    "os": null,
    "device_type": null,
    "conversions": null,
    "cpm": 0.0,
    "cpc": 0.0,
    "cpconversion": 0.0,
    "cost": null
  },
  {
    "date": "2016-05-01",
    "campaign_id": "390878914",
    "impressions": "0",
    "clicks": null,
    "channel": "Adwords\r",
    "audience_segment": null,
    "city": null,
    "os": null,
    "device_type": null,
    "conversions": null,
    "cpm": 0.0,
    "cpc": 0.0,
    "cpconversion": 0.0,
    "cost": null
  },
  {
    "date": "2016-05-01",
    "campaign_id": "395092114",
    "impressions": "0",
    "clicks": null,
    "channel": "Adwords\r",
    "audience_segment": null,
    "city": null,
    "os": null,
    "device_type": null,
    "conversions": null,
    "cpm": 0.0,
    "cpc": 0.0,
    "cpconversion": 0.0,
    "cost": null
  },
  {
    "date": "2016-05-02",
    "campaign_id": "6038591740429",
    "impressions": "0",
    "clicks": null,
    "channel": "Facebook\r",
    "audience_segment": null,
    "city": null,
    "os": null,
    "device_type": null,
    "conversions": null,
    "cpm": 0.0,
    "cpc": 0.0,
    "cpconversion": 0.0,
    "cost": null
  },
  {
    "date": "2016-05-02",
    "campaign_id": "6034988464029",
    "impressions": "0",
    "clicks": null,
    "channel": "Facebook\r",
    "audience_segment": null,
    "city": null,
    "os": null,
    "device_type": null,
    "conversions": null,
    "cpm": 0.0,
    "cpc": 0.0,
    "cpconversion": 0.0,
    "cost": null
  },
  {
    "date": "2016-05-02",
    "campaign_id": "6037350171629",
    "impressions": "0",
    "clicks": null,
    "channel": "Facebook\r",
    "audience_segment": null,
    "city": null,
    "os": null,
    "device_type": null,
    "conversions": null,
    "cpm": 0.0,
    "cpc": 0.0,
    "cpconversion": 0.0,
    "cost": null
  },
  {
    "date": "2016-05-02",
    "campaign_id": "6037957381229",
    "impressions": "0",
    "clicks": null,
    "channel": "Facebook\r",
    "audience_segment": null,
    "city": null,
    "os": null,
    "device_type": null,
    "conversions": null,
    "cpm": 0.0,
    "cpc": 0.0,
    "cpconversion": 0.0,
    "cost": null
  },
  {
    "date": "2016-05-02",
    "campaign_id": "6035541283229",
    "impressions": "0",
    "clicks": null,
    "channel": "Facebook\r",
    "audience_segment": null,
    "city": null,
    "os": null,
    "device_type": null,
    "conversions": null,
    "cpm": 0.0,
    "cpc": 0.0,
    "cpconversion": 0.0,
    "cost": null
  },
  {
    "date": "2016-05-02",
    "campaign_id": "390878914",
    "impressions": "0",
    "clicks": null,
    "channel": "Adwords\r",
    "audience_segment": null,
    "city": null,
    "os": null,
    "device_type": null,
    "conversions": null,
    "cpm": 0.0,
    "cpc": 0.0,
    "cpconversion": 0.0,
    "cost": null
  },
  {
    "date": "2016-05-02",
    "campaign_id": "395092114",
    "impressions": "0",
    "clicks": null,
    "channel": "Adwords\r",
    "audience_segment": null,
    "city": null,
    "os": null,
    "device_type": null,
    "conversions": null,
    "cpm": 0.0,
    "cpc": 0.0,
    "cpconversion": 0.0,
    "cost": null
  },
  {
    "date": "2016-05-02",
    "campaign_id": "1028336",
    "impressions": "0",
    "clicks": null,
    "channel": "DBM\r",
    "audience_segment": null,
    "city": null,
    "os": null,
    "device_type": null,
    "conversions": null,
    "cpm": 0.0,
    "cpc": 0.0,
    "cpconversion": 0.0,
    "cost": null
  },
  {
    "date": "2016-05-02",
    "campaign_id": "1066969",
    "impressions": "0",
    "clicks": null,
    "channel": "DBM\r",
    "audience_segment": null,
    "city": null,
    "os": null,
    "device_type": null,
    "conversions": null,
    "cpm": 0.0,
    "cpc": 0.0,
    "cpconversion": 0.0,
    "cost": null
  },
  {
    "date": "2016-05-02",
    "campaign_id": "932635",
    "impressions": "0",
    "clicks": null,
    "channel": "DBM\r",
    "audience_segment": null,
    "city": null,
    "os": null,
    "device_type": null,
    "conversions": null,
    "cpm": 0.0,
    "cpc": 0.0,
    "cpconversion": 0.0,
    "cost": null
  },
  {
    "date": "2016-05-02",
    "campaign_id": "950337",
    "impressions": "0",
    "clicks": null,
    "channel": "DBM\r",
    "audience_segment": null,
    "city": null,
    "os": null,
    "device_type": null,
    "conversions": null,
    "cpm": 0.0,
    "cpc": 0.0,
    "cpconversion": 0.0,
    "cost": null
  },
  {
    "date": "2016-05-03",
    "campaign_id": "6038591740429",
    "impressions": "0",
    "clicks": null,
    "channel": "Facebook\r",
    "audience_segment": null,
    "city": null,
    "os": null,
    "device_type": null,
    "conversions": null,
    "cpm": 0.0,
    "cpc": 0.0,
    "cpconversion": 0.0,
    "cost": null
  },
  {
    "date": "2016-05-03",
    "campaign_id": "6034988464029",
    "impressions": "0",
    "clicks": null,
    "channel": "Facebook\r",
    "audience_segment": null,
    "city": null,
    "os": null,
    "device_type": null,
    "conversions": null,
    "cpm": 0.0,
    "cpc": 0.0,
    "cpconversion": 0.0,
    "cost": null
  },
  {
    "date": "2016-05-03",
    "campaign_id": "6037350171629",
    "impressions": "0",
    "clicks": null,
    "channel": "Facebook\r",
    "audience_segment": null,
    "city": null,
    "os": null,
    "device_type": null,
    "conversions": null,
    "cpm": 0.0,
    "cpc": 0.0,
    "cpconversion": 0.0,
    "cost": null
  },
  {
    "date": "2016-05-03",
    "campaign_id": "6037957381229",
    "impressions": "0",
    "clicks": null,
    "channel": "Facebook\r",
    "audience_segment": null,
    "city": null,
    "os": null,
    "device_type": null,
    "conversions": null,
    "cpm": 0.0,
    "cpc": 0.0,
    "cpconversion": 0.0,
    "cost": null
  },
  {
    "date": "2016-05-03",
    "campaign_id": "6035541283229",
    "impressions": "0",
    "clicks": null,
    "channel": "Facebook\r",
    "audience_segment": null,
    "city": null,
    "os": null,
    "device_type": null,
    "conversions": null,
    "cpm": 0.0,
    "cpc": 0.0,
    "cpconversion": 0.0,
    "cost": null
  },
  {
    "date": "2016-05-03",
    "campaign_id": "390878914",
    "impressions": "0",
    "clicks": null,
    "channel": "Adwords\r",
    "audience_segment": null,
    "city": null,
    "os": null,
    "device_type": null,
    "conversions": null,
    "cpm": 0.0,
    "cpc": 0.0,
    "cpconversion": 0.0,
    "cost": null
  },
  {
    "date": "2016-05-03",
    "campaign_id": "395092114",
    "impressions": "0",
    "clicks": null,
    "channel": "Adwords\r",
    "audience_segment": null,
    "city": null,
    "os": null,
    "device_type": null,
    "conversions": null,
    "cpm": 0.0,
    "cpc": 0.0,
    "cpconversion": 0.0,
    "cost": null
  },
  {
    "date": "2016-05-03",
    "campaign_id": "1028336",
    "impressions": "0",
    "clicks": null,
    "channel": "DBM\r",
    "audience_segment": null,
    "city": null,
    "os": null,
    "device_type": null,
    "conversions": null,
    "cpm": 0.0,
    "cpc": 0.0,
    "cpconversion": 0.0,
    "cost": null
  },
  {
    "date": "2016-05-03",
    "campaign_id": "1066969",
    "impressions": "0",
    "clicks": null,
    "channel": "DBM\r",
    "audience_segment": null,
    "city": null,
    "os": null,
    "device_type": null,
    "conversions": null,
    "cpm": 0.0,
    "cpc": 0.0,
    "cpconversion": 0.0,
    "cost": null
  },
  {
    "date": "2016-05-03",
    "campaign_id": "932635",
    "impressions": "0",
    "clicks": null,
    "channel": "DBM\r",
    "audience_segment": null,
    "city": null,
    "os": null,
    "device_type": null,
    "conversions": null,
    "cpm": 0.0,
    "cpc": 0.0,
    "cpconversion": 0.0,
    "cost": null
  },
  {
    "date": "2016-05-03",
    "campaign_id": "950337",
    "impressions": "0",
    "clicks": null,
    "channel": "DBM\r",
    "audience_segment": null,
    "city": null,
    "os": null,
    "device_type": null,
    "conversions": null,
    "cpm": 0.0,
    "cpc": 0.0,
    "cpconversion": 0.0,
    "cost": null
  }
]