[
  {
    "date": null,
    "organisation": null,
    "channelName": null,
    "browser": null,
    "audience_segment_data": [],
    "publisher_pages": null,
    "time_of_day": null,
    "audience_segment": "food_beverages",
    "city": null,
    "postalcode": null,
    "latitude_longitude": null,
    "os": null,
    "mobile_device_properties": null,
    "brandname": null,
    "reach": null,
    "count": "40499.0",
    "age": null,
    "gender": null,
    "isp": null
  },
  {
    "date": null,
    "organisation": null,
    "channelName": null,
    "browser": null,
    "audience_segment_data": [],
    "publisher_pages": null,
    "time_of_day": null,
    "audience_segment": "airline_travel",
    "city": null,
    "postalcode": null,
    "latitude_longitude": null,
    "os": null,
    "mobile_device_properties": null,
    "brandname": null,
    "reach": null,
    "count": "34197.0",
    "age": null,
    "gender": null,
    "isp": null
  },
  {
    "date": null,
    "organisation": null,
    "channelName": null,
    "browser": null,
    "audience_segment_data": [
      {
        "date": null,
        "organisation": null,
        "channelName": null,
        "browser": null,
        "audience_segment_data": [],
        "publisher_pages": null,
        "time_of_day": null,
        "audience_segment": "_entertainment_games",
        "city": null,
        "postalcode": null,
        "latitude_longitude": null,
        "os": null,
        "mobile_device_properties": null,
        "brandname": null,
        "reach": null,
        "count": "4935.0",
        "age": null,
        "gender": null,
        "isp": null
      },
      {
        "date": null,
        "organisation": null,
        "channelName": null,
        "browser": null,
        "audience_segment_data": [],
        "publisher_pages": null,
        "time_of_day": null,
        "audience_segment": "_entertainment_bollywood",
        "city": null,
        "postalcode": null,
        "latitude_longitude": null,
        "os": null,
        "mobile_device_properties": null,
        "brandname": null,
        "reach": null,
        "count": "4897.0",
        "age": null,
        "gender": null,
        "isp": null
      },
      {
        "date": null,
        "organisation": null,
        "channelName": null,
        "browser": null,
        "audience_segment_data": [],
        "publisher_pages": null,
        "time_of_day": null,
        "audience_segment": "_entertainment_music",
        "city": null,
        "postalcode": null,
        "latitude_longitude": null,
        "os": null,
        "mobile_device_properties": null,
        "brandname": null,
        "reach": null,
        "count": "4864.0",
        "age": null,
        "gender": null,
        "isp": null
      },
      {
        "date": null,
        "organisation": null,
        "channelName": null,
        "browser": null,
        "audience_segment_data": [],
        "publisher_pages": null,
        "time_of_day": null,
        "audience_segment": "_entertainment_tv_shows",
        "city": null,
        "postalcode": null,
        "latitude_longitude": null,
        "os": null,
        "mobile_device_properties": null,
        "brandname": null,
        "reach": null,
        "count": "4813.0",
        "age": null,
        "gender": null,
        "isp": null
      }
    ],
    "publisher_pages": null,
    "time_of_day": null,
    "audience_segment": "entertainment",
    "city": null,
    "postalcode": null,
    "latitude_longitude": null,
    "os": null,
    "mobile_device_properties": null,
    "brandname": null,
    "reach": null,
    "count": "19549.0",
    "age": null,
    "gender": null,
    "isp": null
  },
  {
    "date": null,
    "organisation": null,
    "channelName": null,
    "browser": null,
    "audience_segment_data": [
      {
        "date": null,
        "organisation": null,
        "channelName": null,
        "browser": null,
        "audience_segment_data": [],
        "publisher_pages": null,
        "time_of_day": null,
        "audience_segment": "_business_international_business",
        "city": null,
        "postalcode": null,
        "latitude_longitude": null,
        "os": null,
        "mobile_device_properties": null,
        "brandname": null,
        "reach": null,
        "count": "1150.0",
        "age": null,
        "gender": null,
        "isp": null
      },
      {
        "date": null,
        "organisation": null,
        "channelName": null,
        "browser": null,
        "audience_segment_data": [],
        "publisher_pages": null,
        "time_of_day": null,
        "audience_segment": "_business_startups",
        "city": null,
        "postalcode": null,
        "latitude_longitude": null,
        "os": null,
        "mobile_device_properties": null,
        "brandname": null,
        "reach": null,
        "count": "1144.0",
        "age": null,
        "gender": null,
        "isp": null
      },
      {
        "date": null,
        "organisation": null,
        "channelName": null,
        "browser": null,
        "audience_segment_data": [],
        "publisher_pages": null,
        "time_of_day": null,
        "audience_segment": "_business_mf_simplified",
        "city": null,
        "postalcode": null,
        "latitude_longitude": null,
        "os": null,
        "mobile_device_properties": null,
        "brandname": null,
        "reach": null,
        "count": "1108.0",
        "age": null,
        "gender": null,
        "isp": null
      },
      {
        "date": null,
        "organisation": null,
        "channelName": null,
        "browser": null,
        "audience_segment_data": [],
        "publisher_pages": null,
        "time_of_day": null,
        "audience_segment": "_business_india_business",
        "city": null,
        "postalcode": null,
        "latitude_longitude": null,
        "os": null,
        "mobile_device_properties": null,
        "brandname": null,
        "reach": null,
        "count": "1106.0",
        "age": null,
        "gender": null,
        "isp": null
      },
      {
        "date": null,
        "organisation": null,
        "channelName": null,
        "browser": null,
        "audience_segment_data": [],
        "publisher_pages": null,
        "time_of_day": null,
        "audience_segment": "_business_markets",
        "city": null,
        "postalcode": null,
        "latitude_longitude": null,
        "os": null,
        "mobile_device_properties": null,
        "brandname": null,
        "reach": null,
        "count": "1075.0",
        "age": null,
        "gender": null,
        "isp": null
      }
    ],
    "publisher_pages": null,
    "time_of_day": null,
    "audience_segment": "business",
    "city": null,
    "postalcode": null,
    "latitude_longitude": null,
    "os": null,
    "mobile_device_properties": null,
    "brandname": null,
    "reach": null,
    "count": "5583.0",
    "age": null,
    "gender": null,
    "isp": null
  },
  {
    "date": null,
    "organisation": null,
    "channelName": null,
    "browser": null,
    "audience_segment_data": [
      {
        "date": null,
        "organisation": null,
        "channelName": null,
        "browser": null,
        "audience_segment_data": [],
        "publisher_pages": null,
        "time_of_day": null,
        "audience_segment": "_technology_apps",
        "city": null,
        "postalcode": null,
        "latitude_longitude": null,
        "os": null,
        "mobile_device_properties": null,
        "brandname": null,
        "reach": null,
        "count": "846.0",
        "age": null,
        "gender": null,
        "isp": null
      },
      {
        "date": null,
        "organisation": null,
        "channelName": null,
        "browser": null,
        "audience_segment_data": [],
        "publisher_pages": null,
        "time_of_day": null,
        "audience_segment": "_technology_gadgets",
        "city": null,
        "postalcode": null,
        "latitude_longitude": null,
        "os": null,
        "mobile_device_properties": null,
        "brandname": null,
        "reach": null,
        "count": "827.0",
        "age": null,
        "gender": null,
        "isp": null
      },
      {
        "date": null,
        "organisation": null,
        "channelName": null,
        "browser": null,
        "audience_segment_data": [],
        "publisher_pages": null,
        "time_of_day": null,
        "audience_segment": "_technology_mobile",
        "city": null,
        "postalcode": null,
        "latitude_longitude": null,
        "os": null,
        "mobile_device_properties": null,
        "brandname": null,
        "reach": null,
        "count": "803.0",
        "age": null,
        "gender": null,
        "isp": null
      },
      {
        "date": null,
        "organisation": null,
        "channelName": null,
        "browser": null,
        "audience_segment_data": [],
        "publisher_pages": null,
        "time_of_day": null,
        "audience_segment": "_technology_computing",
        "city": null,
        "postalcode": null,
        "latitude_longitude": null,
        "os": null,
        "mobile_device_properties": null,
        "brandname": null,
        "reach": null,
        "count": "772.0",
        "age": null,
        "gender": null,
        "isp": null
      }
    ],
    "publisher_pages": null,
    "time_of_day": null,
    "audience_segment": "technology",
    "city": null,
    "postalcode": null,
    "latitude_longitude": null,
    "os": null,
    "mobile_device_properties": null,
    "brandname": null,
    "reach": null,
    "count": "3248.0",
    "age": null,
    "gender": null,
    "isp": null
  },
  {
    "date": null,
    "organisation": null,
    "channelName": null,
    "browser": null,
    "audience_segment_data": [
      {
        "date": null,
        "organisation": null,
        "channelName": null,
        "browser": null,
        "audience_segment_data": [],
        "publisher_pages": null,
        "time_of_day": null,
        "audience_segment": "_news_world_news",
        "city": null,
        "postalcode": null,
        "latitude_longitude": null,
        "os": null,
        "mobile_device_properties": null,
        "brandname": null,
        "reach": null,
        "count": "708.0",
        "age": null,
        "gender": null,
        "isp": null
      },
      {
        "date": null,
        "organisation": null,
        "channelName": null,
        "browser": null,
        "audience_segment_data": [],
        "publisher_pages": null,
        "time_of_day": null,
        "audience_segment": "_news_india_news",
        "city": null,
        "postalcode": null,
        "latitude_longitude": null,
        "os": null,
        "mobile_device_properties": null,
        "brandname": null,
        "reach": null,
        "count": "666.0",
        "age": null,
        "gender": null,
        "isp": null
      }
    ],
    "publisher_pages": null,
    "time_of_day": null,
    "audience_segment": "news",
    "city": null,
    "postalcode": null,
    "latitude_longitude": null,
    "os": null,
    "mobile_device_properties": null,
    "brandname": null,
    "reach": null,
    "count": "1375.0",
    "age": null,
    "gender": null,
    "isp": null
  },
  {
    "date": null,
    "organisation": null,
    "channelName": null,
    "browser": null,
    "audience_segment_data": [
      {
        "date": null,
        "organisation": null,
        "channelName": null,
        "browser": null,
        "audience_segment_data": [],
        "publisher_pages": null,
        "time_of_day": null,
        "audience_segment": "_lifestyle_fashion",
        "city": null,
        "postalcode": null,
        "latitude_longitude": null,
        "os": null,
        "mobile_device_properties": null,
        "brandname": null,
        "reach": null,
        "count": "161.0",
        "age": null,
        "gender": null,
        "isp": null
      },
      {
        "date": null,
        "organisation": null,
        "channelName": null,
        "browser": null,
        "audience_segment_data": [],
        "publisher_pages": null,
        "time_of_day": null,
        "audience_segment": "_lifestyle_health_fitness",
        "city": null,
        "postalcode": null,
        "latitude_longitude": null,
        "os": null,
        "mobile_device_properties": null,
        "brandname": null,
        "reach": null,
        "count": "157.0",
        "age": null,
        "gender": null,
        "isp": null
      },
      {
        "date": null,
        "organisation": null,
        "channelName": null,
        "browser": null,
        "audience_segment_data": [],
        "publisher_pages": null,
        "time_of_day": null,
        "audience_segment": "_lifestyle_food",
        "city": null,
        "postalcode": null,
        "latitude_longitude": null,
        "os": null,
        "mobile_device_properties": null,
        "brandname": null,
        "reach": null,
        "count": "137.0",
        "age": null,
        "gender": null,
        "isp": null
      }
    ],
    "publisher_pages": null,
    "time_of_day": null,
    "audience_segment": "lifestyle",
    "city": null,
    "postalcode": null,
    "latitude_longitude": null,
    "os": null,
    "mobile_device_properties": null,
    "brandname": null,
    "reach": null,
    "count": "455.0",
    "age": null,
    "gender": null,
    "isp": null
  },
  {
    "date": null,
    "organisation": null,
    "channelName": null,
    "browser": null,
    "audience_segment_data": [],
    "publisher_pages": null,
    "time_of_day": null,
    "audience_segment": "sports",
    "city": null,
    "postalcode": null,
    "latitude_longitude": null,
    "os": null,
    "mobile_device_properties": null,
    "brandname": null,
    "reach": null,
    "count": "293.0",
    "age": null,
    "gender": null,
    "isp": null
  },
  {
    "date": null,
    "organisation": null,
    "channelName": null,
    "browser": null,
    "audience_segment_data": [],
    "publisher_pages": null,
    "time_of_day": null,
    "audience_segment": "automobile",
    "city": null,
    "postalcode": null,
    "latitude_longitude": null,
    "os": null,
    "mobile_device_properties": null,
    "brandname": null,
    "reach": null,
    "count": "236.0",
    "age": null,
    "gender": null,
    "isp": null
  },
  {
    "date": null,
    "organisation": null,
    "channelName": null,
    "browser": null,
    "audience_segment_data": [],
    "publisher_pages": null,
    "time_of_day": null,
    "audience_segment": "religion",
    "city": null,
    "postalcode": null,
    "latitude_longitude": null,
    "os": null,
    "mobile_device_properties": null,
    "brandname": null,
    "reach": null,
    "count": "92.0",
    "age": null,
    "gender": null,
    "isp": null
  },
  {
    "date": null,
    "organisation": null,
    "channelName": null,
    "browser": null,
    "audience_segment_data": [],
    "publisher_pages": null,
    "time_of_day": null,
    "audience_segment": "women_lifestyle",
    "city": null,
    "postalcode": null,
    "latitude_longitude": null,
    "os": null,
    "mobile_device_properties": null,
    "brandname": null,
    "reach": null,
    "count": "68.0",
    "age": null,
    "gender": null,
    "isp": null
  },
  {
    "date": null,
    "organisation": null,
    "channelName": null,
    "browser": null,
    "audience_segment_data": [
      {
        "date": null,
        "organisation": null,
        "channelName": null,
        "browser": null,
        "audience_segment_data": [],
        "publisher_pages": null,
        "time_of_day": null,
        "audience_segment": "_education_online_courses",
        "city": null,
        "postalcode": null,
        "latitude_longitude": null,
        "os": null,
        "mobile_device_properties": null,
        "brandname": null,
        "reach": null,
        "count": "19.0",
        "age": null,
        "gender": null,
        "isp": null
      },
      {
        "date": null,
        "organisation": null,
        "channelName": null,
        "browser": null,
        "audience_segment_data": [],
        "publisher_pages": null,
        "time_of_day": null,
        "audience_segment": "_education_mba",
        "city": null,
        "postalcode": null,
        "latitude_longitude": null,
        "os": null,
        "mobile_device_properties": null,
        "brandname": null,
        "reach": null,
        "count": "16.0",
        "age": null,
        "gender": null,
        "isp": null
      },
      {
        "date": null,
        "organisation": null,
        "channelName": null,
        "browser": null,
        "audience_segment_data": [],
        "publisher_pages": null,
        "time_of_day": null,
        "audience_segment": "_education_mca",
        "city": null,
        "postalcode": null,
        "latitude_longitude": null,
        "os": null,
        "mobile_device_properties": null,
        "brandname": null,
        "reach": null,
        "count": "15.0",
        "age": null,
        "gender": null,
        "isp": null
      },
      {
        "date": null,
        "organisation": null,
        "channelName": null,
        "browser": null,
        "audience_segment_data": [],
        "publisher_pages": null,
        "time_of_day": null,
        "audience_segment": "_education_btech",
        "city": null,
        "postalcode": null,
        "latitude_longitude": null,
        "os": null,
        "mobile_device_properties": null,
        "brandname": null,
        "reach": null,
        "count": "14.0",
        "age": null,
        "gender": null,
        "isp": null
      }
    ],
    "publisher_pages": null,
    "time_of_day": null,
    "audience_segment": "education",
    "city": null,
    "postalcode": null,
    "latitude_longitude": null,
    "os": null,
    "mobile_device_properties": null,
    "brandname": null,
    "reach": null,
    "count": "64.0",
    "age": null,
    "gender": null,
    "isp": null
  },
  {
    "date": null,
    "organisation": null,
    "channelName": null,
    "browser": null,
    "audience_segment_data": [],
    "publisher_pages": null,
    "time_of_day": null,
    "audience_segment": "festivals",
    "city": null,
    "postalcode": null,
    "latitude_longitude": null,
    "os": null,
    "mobile_device_properties": null,
    "brandname": null,
    "reach": null,
    "count": "52.0",
    "age": null,
    "gender": null,
    "isp": null
  },
  {
    "date": null,
    "organisation": null,
    "channelName": null,
    "browser": null,
    "audience_segment_data": [],
    "publisher_pages": null,
    "time_of_day": null,
    "audience_segment": "clothes",
    "city": null,
    "postalcode": null,
    "latitude_longitude": null,
    "os": null,
    "mobile_device_properties": null,
    "brandname": null,
    "reach": null,
    "count": "48.0",
    "age": null,
    "gender": null,
    "isp": null
  },
  {
    "date": null,
    "organisation": null,
    "channelName": null,
    "browser": null,
    "audience_segment_data": [],
    "publisher_pages": null,
    "time_of_day": null,
    "audience_segment": "astrology",
    "city": null,
    "postalcode": null,
    "latitude_longitude": null,
    "os": null,
    "mobile_device_properties": null,
    "brandname": null,
    "reach": null,
    "count": "32.0",
    "age": null,
    "gender": null,
    "isp": null
  },
  {
    "date": null,
    "organisation": null,
    "channelName": null,
    "browser": null,
    "audience_segment_data": [],
    "publisher_pages": null,
    "time_of_day": null,
    "audience_segment": "travel",
    "city": null,
    "postalcode": null,
    "latitude_longitude": null,
    "os": null,
    "mobile_device_properties": null,
    "brandname": null,
    "reach": null,
    "count": "29.0",
    "age": null,
    "gender": null,
    "isp": null
  },
  {
    "date": null,
    "organisation": null,
    "channelName": null,
    "browser": null,
    "audience_segment_data": [],
    "publisher_pages": null,
    "time_of_day": null,
    "audience_segment": "states",
    "city": null,
    "postalcode": null,
    "latitude_longitude": null,
    "os": null,
    "mobile_device_properties": null,
    "brandname": null,
    "reach": null,
    "count": "7.0",
    "age": null,
    "gender": null,
    "isp": null
  },
  {
    "date": null,
    "organisation": null,
    "channelName": null,
    "browser": null,
    "audience_segment_data": [],
    "publisher_pages": null,
    "time_of_day": null,
    "audience_segment": "ecommmerce",
    "city": null,
    "postalcode": null,
    "latitude_longitude": null,
    "os": null,
    "mobile_device_properties": null,
    "brandname": null,
    "reach": null,
    "count": "6.0",
    "age": null,
    "gender": null,
    "isp": null
  },
  {
    "date": null,
    "organisation": null,
    "channelName": null,
    "browser": null,
    "audience_segment_data": [],
    "publisher_pages": null,
    "time_of_day": null,
    "audience_segment": "housing",
    "city": null,
    "postalcode": null,
    "latitude_longitude": null,
    "os": null,
    "mobile_device_properties": null,
    "brandname": null,
    "reach": null,
    "count": "6.0",
    "age": null,
    "gender": null,
    "isp": null
  },
  {
    "date": null,
    "organisation": null,
    "channelName": null,
    "browser": null,
    "audience_segment_data": [],
    "publisher_pages": null,
    "time_of_day": null,
    "audience_segment": "indian_history",
    "city": null,
    "postalcode": null,
    "latitude_longitude": null,
    "os": null,
    "mobile_device_properties": null,
    "brandname": null,
    "reach": null,
    "count": "3.0",
    "age": null,
    "gender": null,
    "isp": null
  }
]