[
    {
        "date": null,
        "organisation": null,
        "channelName": null,
        "browser": null,
        "audience_segment_data": [],
        "publisher_pages": null,
        "time_of_day": null,
        "audience_segment": null,
        "city": null,
        "postalcode": null,
        "latitude_longitude": null,
        "os": null,
        "mobile_device_properties": null,
        "brandname": null,
        "reach": null,
        "count": "29950.0",
        "age": "13_17",
        "gender": null,
        "isp": null
    },
    {
        "date": null,
        "organisation": null,
        "channelName": null,
        "browser": null,
        "audience_segment_data": [],
        "publisher_pages": null,
        "time_of_day": null,
        "audience_segment": null,
        "city": null,
        "postalcode": null,
        "latitude_longitude": null,
        "os": null,
        "mobile_device_properties": null,
        "brandname": null,
        "reach": null,
        "count": "29909.0",
        "age": "55_64",
        "gender": null,
        "isp": null
    },
    {
        "date": null,
        "organisation": null,
        "channelName": null,
        "browser": null,
        "audience_segment_data": [],
        "publisher_pages": null,
        "time_of_day": null,
        "audience_segment": null,
        "city": null,
        "postalcode": null,
        "latitude_longitude": null,
        "os": null,
        "mobile_device_properties": null,
        "brandname": null,
        "reach": null,
        "count": "29827.0",
        "age": "45_54",
        "gender": null,
        "isp": null
    },
    {
        "date": null,
        "organisation": null,
        "channelName": null,
        "browser": null,
        "audience_segment_data": [],
        "publisher_pages": null,
        "time_of_day": null,
        "audience_segment": null,
        "city": null,
        "postalcode": null,
        "latitude_longitude": null,
        "os": null,
        "mobile_device_properties": null,
        "brandname": null,
        "reach": null,
        "count": "29806.0",
        "age": "65_more",
        "gender": null,
        "isp": null
    },
    {
        "date": null,
        "organisation": null,
        "channelName": null,
        "browser": null,
        "audience_segment_data": [],
        "publisher_pages": null,
        "time_of_day": null,
        "audience_segment": null,
        "city": null,
        "postalcode": null,
        "latitude_longitude": null,
        "os": null,
        "mobile_device_properties": null,
        "brandname": null,
        "reach": null,
        "count": "29605.0",
        "age": "35_44",
        "gender": null,
        "isp": null
    },
    {
        "date": null,
        "organisation": null,
        "channelName": null,
        "browser": null,
        "audience_segment_data": [],
        "publisher_pages": null,
        "time_of_day": null,
        "audience_segment": null,
        "city": null,
        "postalcode": null,
        "latitude_longitude": null,
        "os": null,
        "mobile_device_properties": null,
        "brandname": null,
        "reach": null,
        "count": "29604.0",
        "age": "25_34",
        "gender": null,
        "isp": null
    },
    {
        "date": null,
        "organisation": null,
        "channelName": null,
        "browser": null,
        "audience_segment_data": [],
        "publisher_pages": null,
        "time_of_day": null,
        "audience_segment": null,
        "city": null,
        "postalcode": null,
        "latitude_longitude": null,
        "os": null,
        "mobile_device_properties": null,
        "brandname": null,
        "reach": null,
        "count": "29256.0",
        "age": "18_24",
        "gender": null,
        "isp": null
    }
]