[
    {
        "date": null,
        "organisation": null,
        "channelName": null,
        "browser": null,
        "audience_segment_data": [],
        "publisher_pages": null,
        "time_of_day": null,
        "audience_segment": null,
        "city": null,
        "postalcode": null,
        "latitude_longitude": null,
        "os": null,
        "mobile_device_properties": null,
        "brandname": null,
        "reach": null,
        "count": "104141.0",
        "age": null,
        "gender": "female",
        "isp": null
    },
    {
        "date": null,
        "organisation": null,
        "channelName": null,
        "browser": null,
        "audience_segment_data": [],
        "publisher_pages": null,
        "time_of_day": null,
        "audience_segment": null,
        "city": null,
        "postalcode": null,
        "latitude_longitude": null,
        "os": null,
        "mobile_device_properties": null,
        "brandname": null,
        "reach": null,
        "count": "103816.0",
        "age": null,
        "gender": "male",
        "isp": null
    }
]