[
  {
    "date": null,
    "organisation": null,
    "channelName": null,
    "browser": null,
    "audience_segment_data": [],
    "publisher_pages": null,
    "time_of_day": "quarter3",
    "audience_segment": null,
    "city": null,
    "postalcode": null,
    "latitude_longitude": null,
    "os": null,
    "mobile_device_properties": null,
    "brandname": null,
    "reach": null,
    "count": "1613.0",
    "age": null,
    "gender": null,
    "isp": null
  },
  {
    "date": null,
    "organisation": null,
    "channelName": null,
    "browser": null,
    "audience_segment_data": [],
    "publisher_pages": null,
    "time_of_day": "quarter2",
    "audience_segment": null,
    "city": null,
    "postalcode": null,
    "latitude_longitude": null,
    "os": null,
    "mobile_device_properties": null,
    "brandname": null,
    "reach": null,
    "count": "1517.0",
    "age": null,
    "gender": null,
    "isp": null
  },
  {
    "date": null,
    "organisation": null,
    "channelName": null,
    "browser": null,
    "audience_segment_data": [],
    "publisher_pages": null,
    "time_of_day": "quarter4",
    "audience_segment": null,
    "city": null,
    "postalcode": null,
    "latitude_longitude": null,
    "os": null,
    "mobile_device_properties": null,
    "brandname": null,
    "reach": null,
    "count": "1333.0",
    "age": null,
    "gender": null,
    "isp": null
  },
  {
    "date": null,
    "organisation": null,
    "channelName": null,
    "browser": null,
    "audience_segment_data": [],
    "publisher_pages": null,
    "time_of_day": "quarter5",
    "audience_segment": null,
    "city": null,
    "postalcode": null,
    "latitude_longitude": null,
    "os": null,
    "mobile_device_properties": null,
    "brandname": null,
    "reach": null,
    "count": "834.0",
    "age": null,
    "gender": null,
    "isp": null
  },
  {
    "date": null,
    "organisation": null,
    "channelName": null,
    "browser": null,
    "audience_segment_data": [],
    "publisher_pages": null,
    "time_of_day": "quarter1",
    "audience_segment": null,
    "city": null,
    "postalcode": null,
    "latitude_longitude": null,
    "os": null,
    "mobile_device_properties": null,
    "brandname": null,
    "reach": null,
    "count": "493.0",
    "age": null,
    "gender": null,
    "isp": null
  },
  {
    "date": null,
    "organisation": null,
    "channelName": null,
    "browser": null,
    "audience_segment_data": [],
    "publisher_pages": null,
    "time_of_day": "quarter6",
    "audience_segment": null,
    "city": null,
    "postalcode": null,
    "latitude_longitude": null,
    "os": null,
    "mobile_device_properties": null,
    "brandname": null,
    "reach": null,
    "count": "210.0",
    "age": null,
    "gender": null,
    "isp": null
  }
]